week,location_key,new_confirmed,new_deceased,new_hospitalized_patients,new_persons_fully_vaccinated,life_expectancy,population,population_male,population_female,population_age_00_09,population_age_10_19,population_age_20_29,population_age_30_39,population_age_40_49,population_age_50_59,population_age_60_69,population_age_70_79,population_age_80_and_older,country_name
2019-12-30/2020-01-05,DE,1.0,0.0,,,,82786787.0,40126479.0,41172726.0,7401202.0,7586334.0,9513883.0,10265460.0,10205383.0,13258896.0,10159451.0,7543815.0,5313340.0,Germany
2020-01-13/2020-01-19,DE,1.0,0.0,,,,82786787.0,40126479.0,41172726.0,7401202.0,7586334.0,9513883.0,10265460.0,10205383.0,13258896.0,10159451.0,7543815.0,5313340.0,Germany
2020-01-20/2020-01-26,DE,2.0,0.0,,,,82786787.0,40126479.0,41172726.0,7401202.0,7586334.0,9513883.0,10265460.0,10205383.0,13258896.0,10159451.0,7543815.0,5313340.0,Germany
2020-01-20/2020-01-26,US,0.0,0.0,,,77.97359487904967,341338766.0,167361582.0,172779253.0,42034674.0,43600405.0,47667343.0,45409648.0,42444067.0,45231261.0,38309532.0,22458802.0,12982024.0,United States of America
2020-01-27/2020-02-02,DE,6.0,0.0,,,,82786787.0,40126479.0,41172726.0,7401202.0,7586334.0,9513883.0,10265460.0,10205383.0,13258896.0,10159451.0,7543815.0,5313340.0,Germany
2020-01-27/2020-02-02,ES,1.0,0.0,,,,19357122.0,8224314.0,8300422.0,1513858.0,1713301.0,1703871.0,2111146.0,2739366.0,2474428.0,1899658.0,1399847.0,992477.0,Spain
2020-01-27/2020-02-02,US,5.0,0.0,,,77.97359487904967,341338766.0,167361582.0,172779253.0,42034674.0,43600405.0,47667343.0,45409648.0,42444067.0,45231261.0,38309532.0,22458802.0,12982024.0,United States of America
2020-02-03/2020-02-09,DE,5.0,0.0,,,,82786787.0,40126479.0,41172726.0,7401202.0,7586334.0,9513883.0,10265460.0,10205383.0,13258896.0,10159451.0,7543815.0,5313340.0,Germany
2020-02-03/2020-02-09,US,0.0,0.0,,,77.97359487904967,341338766.0,167361582.0,172779253.0,42034674.0,43600405.0,47667343.0,45409648.0,42444067.0,45231261.0,38309532.0,22458802.0,12982024.0,United States of America
2020-02-10/2020-02-16,DE,2.0,0.0,,,,82786787.0,40126479.0,41172726.0,7401202.0,7586334.0,9513883.0,10265460.0,10205383.0,13258896.0,10159451.0,7543815.0,5313340.0,Germany
2020-02-10/2020-02-16,US,3.0,0.0,,,77.97359487904967,341338766.0,167361582.0,172779253.0,42034674.0,43600405.0,47667343.0,45409648.0,42444067.0,45231261.0,38309532.0,22458802.0,12982024.0,United States of America
2020-02-17/2020-02-23,DE,4.0,1.0,,,,82786787.0,40126479.0,41172726.0,7401202.0,7586334.0,9513883.0,10265460.0,10205383.0,13258896.0,10159451.0,7543815.0,5313340.0,Germany
2020-02-17/2020-02-23,US,18.0,0.0,,,77.97359487904967,341338766.0,167361582.0,172779253.0,42034674.0,43600405.0,47667343.0,45409648.0,42444067.0,45231261.0,38309532.0,22458802.0,12982024.0,United States of America
2020-02-24/2020-03-01,DE,92.0,0.0,,,,82786787.0,40126479.0,41172726.0,7401202.0,7586334.0,9513883.0,10265460.0,10205383.0,13258896.0,10159451.0,7543815.0,5313340.0,Germany
2020-02-24/2020-03-01,ES,16.0,0.0,,,,19357122.0,8224314.0,8300422.0,1513858.0,1713301.0,1703871.0,2111146.0,2739366.0,2474428.0,1899658.0,1399847.0,992477.0,Spain
2020-02-24/2020-03-01,IT,1377.0,0.0,,,,55443101.0,26986652.0,28456449.0,4633566.0,5231560.0,5623413.0,6471216.0,8507701.0,8610615.0,6764526.0,5533564.0,4066940.0,Italy
2020-02-24/2020-03-01,US,36.0,3.0,2.0,,77.97359487904967,341338766.0,167361582.0,172779253.0,42034674.0,43600405.0,47667343.0,45409648.0,42444067.0,45231261.0,38309532.0,22458802.0,12982024.0,United States of America
2020-03-02/2020-03-08,DE,481.0,12.0,,,,82786787.0,40126479.0,41172726.0,7401202.0,7586334.0,9513883.0,10265460.0,10205383.0,13258896.0,10159451.0,7543815.0,5313340.0,Germany
2020-03-02/2020-03-08,ES,384.0,0.0,,,,19357122.0,8224314.0,8300422.0,1513858.0,1713301.0,1703871.0,2111146.0,2739366.0,2474428.0,1899658.0,1399847.0,992477.0,Spain
2020-03-02/2020-03-08,IT,4409.0,0.0,,,,55443101.0,26986652.0,28456449.0,4633566.0,5231560.0,5623413.0,6471216.0,8507701.0,8610615.0,6764526.0,5533564.0,4066940.0,Italy
2020-03-02/2020-03-08,US,319.0,18.0,111.0,,77.97359487904967,341338766.0,167361582.0,172779253.0,42034674.0,43600405.0,47667343.0,45409648.0,42444067.0,45231261.0,38309532.0,22458802.0,12982024.0,United States of America
2020-03-09/2020-03-15,DE,2494.0,75.0,,,,82786787.0,40126479.0,41172726.0,7401202.0,7586334.0,9513883.0,10265460.0,10205383.0,13258896.0,10159451.0,7543815.0,5313340.0,Germany
2020-03-09/2020-03-15,ES,5417.0,3.0,,,,19357122.0,8224314.0,8300422.0,1513858.0,1713301.0,1703871.0,2111146.0,2739366.0,2474428.0,1899658.0,1399847.0,992477.0,Spain
2020-03-09/2020-03-15,IT,14403.0,0.0,,,,55443101.0,26986652.0,28456449.0,4633566.0,5231560.0,5623413.0,6471216.0,8507701.0,8610615.0,6764526.0,5533564.0,4066940.0,Italy
2020-03-09/2020-03-15,US,6913.0,48.0,1619.0,,77.97359487904967,341338766.0,167361582.0,172779253.0,42034674.0,43600405.0,47667343.0,45409648.0,42444067.0,45231261.0,38309532.0,22458802.0,12982024.0,United States of America
2020-03-16/2020-03-22,DE,11420.0,390.0,,,,82786787.0,40126479.0,41172726.0,7401202.0,7586334.0,9513883.0,10265460.0,10205383.0,13258896.0,10159451.0,7543815.0,5313340.0,Germany
2020-03-16/2020-03-22,ES,16978.0,22.0,,,,19357122.0,8224314.0,8300422.0,1513858.0,1713301.0,1703871.0,2111146.0,2739366.0,2474428.0,1899658.0,1399847.0,992477.0,Spain
2020-03-16/2020-03-22,IT,27155.0,0.0,,,,55443101.0,26986652.0,28456449.0,4633566.0,5231560.0,5623413.0,6471216.0,8507701.0,8610615.0,6764526.0,5533564.0,4066940.0,Italy
2020-03-16/2020-03-22,US,54433.0,626.0,8220.0,,77.97359487904967,341338766.0,167361582.0,172779253.0,42034674.0,43600405.0,47667343.0,45409648.0,42444067.0,45231261.0,38309532.0,22458802.0,12982024.0,United States of America
2020-03-23/2020-03-29,DE,19215.0,1082.0,,,,82786787.0,40126479.0,41172726.0,7401202.0,7586334.0,9513883.0,10265460.0,10205383.0,13258896.0,10159451.0,7543815.0,5313340.0,Germany
2020-03-23/2020-03-29,ES,26119.0,83.0,,,,19357122.0,8224314.0,8300422.0,1513858.0,1713301.0,1703871.0,2111146.0,2739366.0,2474428.0,1899658.0,1399847.0,992477.0,Spain
2020-03-23/2020-03-29,IT,30636.0,0.0,,,,55443101.0,26986652.0,28456449.0,4633566.0,5231560.0,5623413.0,6471216.0,8507701.0,8610615.0,6764526.0,5533564.0,4066940.0,Italy
2020-03-23/2020-03-29,US,120972.0,3571.0,19846.0,,77.97359487904967,341338766.0,167361582.0,172779253.0,42034674.0,43600405.0,47667343.0,45409648.0,42444067.0,45231261.0,38309532.0,22458802.0,12982024.0,United States of America
2020-03-30/2020-04-05,DE,21953.0,1759.0,,,,82786787.0,40126479.0,41172726.0,7401202.0,7586334.0,9513883.0,10265460.0,10205383.0,13258896.0,10159451.0,7543815.0,5313340.0,Germany
2020-03-30/2020-04-05,ES,20521.0,63.0,,,,19357122.0,8224314.0,8300422.0,1513858.0,1713301.0,1703871.0,2111146.0,2739366.0,2474428.0,1899658.0,1399847.0,992477.0,Spain
2020-03-30/2020-04-05,IT,24684.0,0.0,,,,55443101.0,26986652.0,28456449.0,4633566.0,5231560.0,5623413.0,6471216.0,8507701.0,8610615.0,6764526.0,5533564.0,4066940.0,Italy
2020-03-30/2020-04-05,US,200904.0,10680.0,23486.0,,77.97359487904967,341338766.0,167361582.0,172779253.0,42034674.0,43600405.0,47667343.0,45409648.0,42444067.0,45231261.0,38309532.0,22458802.0,12982024.0,United States of America
2020-04-06/2020-04-12,DE,16338.0,1391.0,,,,82786787.0,40126479.0,41172726.0,7401202.0,7586334.0,9513883.0,10265460.0,10205383.0,13258896.0,10159451.0,7543815.0,5313340.0,Germany
2020-04-06/2020-04-12,ES,15203.0,20.0,,,,19357122.0,8224314.0,8300422.0,1513858.0,1713301.0,1703871.0,2111146.0,2739366.0,2474428.0,1899658.0,1399847.0,992477.0,Spain
2020-04-06/2020-04-12,IT,22045.0,0.0,,,,55443101.0,26986652.0,28456449.0,4633566.0,5231560.0,5623413.0,6471216.0,8507701.0,8610615.0,6764526.0,5533564.0,4066940.0,Italy
2020-04-06/2020-04-12,US,219504.0,15746.0,19196.0,,77.97359487904967,341338766.0,167361582.0,172779253.0,42034674.0,43600405.0,47667343.0,45409648.0,42444067.0,45231261.0,38309532.0,22458802.0,12982024.0,United States of America
2020-04-13/2020-04-19,DE,8956.0,837.0,,,,82786787.0,40126479.0,41172726.0,7401202.0,7586334.0,9513883.0,10265460.0,10205383.0,13258896.0,10159451.0,7543815.0,5313340.0,Germany
2020-04-13/2020-04-19,ES,13455.0,35.0,,,,19357122.0,8224314.0,8300422.0,1513858.0,1713301.0,1703871.0,2111146.0,2739366.0,2474428.0,1899658.0,1399847.0,992477.0,Spain
2020-04-13/2020-04-19,IT,17876.0,0.0,,,,55443101.0,26986652.0,28456449.0,4633566.0,5231560.0,5623413.0,6471216.0,8507701.0,8610615.0,6764526.0,5533564.0,4066940.0,Italy
2020-04-13/2020-04-19,US,185428.0,15943.0,11456.0,,77.97359487904967,341338766.0,167361582.0,172779253.0,42034674.0,43600405.0,47667343.0,45409648.0,42444067.0,45231261.0,38309532.0,22458802.0,12982024.0,United States of America
2020-04-20/2020-04-26,DE,5878.0,478.0,,,,82786787.0,40126479.0,41172726.0,7401202.0,7586334.0,9513883.0,10265460.0,10205383.0,13258896.0,10159451.0,7543815.0,5313340.0,Germany
2020-04-20/2020-04-26,ES,8604.0,26.0,,,,19357122.0,8224314.0,8300422.0,1513858.0,1713301.0,1703871.0,2111146.0,2739366.0,2474428.0,1899658.0,1399847.0,992477.0,Spain
2020-04-20/2020-04-26,IT,14556.0,0.0,,,,55443101.0,26986652.0,28456449.0,4633566.0,5231560.0,5623413.0,6471216.0,8507701.0,8610615.0,6764526.0,5533564.0,4066940.0,Italy
2020-04-20/2020-04-26,US,193379.0,14520.0,6642.0,,77.97359487904967,341338766.0,167361582.0,172779253.0,42034674.0,43600405.0,47667343.0,45409648.0,42444067.0,45231261.0,38309532.0,22458802.0,12982024.0,United States of America
2020-04-27/2020-05-03,DE,3027.0,265.0,,,,82786787.0,40126479.0,41172726.0,7401202.0,7586334.0,9513883.0,10265460.0,10205383.0,13258896.0,10159451.0,7543815.0,5313340.0,Germany
2020-04-27/2020-05-03,ES,4583.0,14.0,,,,19357122.0,8224314.0,8300422.0,1513858.0,1713301.0,1703871.0,2111146.0,2739366.0,2474428.0,1899658.0,1399847.0,992477.0,Spain
2020-04-27/2020-05-03,IT,10198.0,0.0,,,,55443101.0,26986652.0,28456449.0,4633566.0,5231560.0,5623413.0,6471216.0,8507701.0,8610615.0,6764526.0,5533564.0,4066940.0,Italy
2020-04-27/2020-05-03,US,170058.0,13279.0,3972.0,,77.97359487904967,341338766.0,167361582.0,172779253.0,42034674.0,43600405.0,47667343.0,45409648.0,42444067.0,45231261.0,38309532.0,22458802.0,12982024.0,United States of America
2020-05-04/2020-05-10,DE,2410.0,167.0,,,,82786787.0,40126479.0,41172726.0,7401202.0,7586334.0,9513883.0,10265460.0,10205383.0,13258896.0,10159451.0,7543815.0,5313340.0,Germany
2020-05-04/2020-05-10,ES,3585.0,9.0,,,,19357122.0,8224314.0,8300422.0,1513858.0,1713301.0,1703871.0,2111146.0,2739366.0,2474428.0,1899658.0,1399847.0,992477.0,Spain
2020-05-04/2020-05-10,IT,6391.0,0.0,,,,55443101.0,26986652.0,28456449.0,4633566.0,5231560.0,5623413.0,6471216.0,8507701.0,8610615.0,6764526.0,5533564.0,4066940.0,Italy
2020-05-04/2020-05-10,US,141695.0,11434.0,2492.0,,77.97359487904967,341338766.0,167361582.0,172779253.0,42034674.0,43600405.0,47667343.0,45409648.0,42444067.0,45231261.0,38309532.0,22458802.0,12982024.0,United States of America
2020-05-11/2020-05-17,DE,1800.0,104.0,,,,82786787.0,40126479.0,41172726.0,7401202.0,7586334.0,9513883.0,10265460.0,10205383.0,13258896.0,10159451.0,7543815.0,5313340.0,Germany
2020-05-11/2020-05-17,ES,2286.0,6.0,,,,19357122.0,8224314.0,8300422.0,1513858.0,1713301.0,1703871.0,2111146.0,2739366.0,2474428.0,1899658.0,1399847.0,992477.0,Spain
2020-05-11/2020-05-17,IT,4797.0,0.0,,,,55443101.0,26986652.0,28456449.0,4633566.0,5231560.0,5623413.0,6471216.0,8507701.0,8610615.0,6764526.0,5533564.0,4066940.0,Italy
2020-05-11/2020-05-17,US,127045.0,9033.0,1657.0,,77.97359487904967,341338766.0,167361582.0,172779253.0,42034674.0,43600405.0,47667343.0,45409648.0,42444067.0,45231261.0,38309532.0,22458802.0,12982024.0,United States of America
2020-05-18/2020-05-24,DE,1469.0,79.0,,,,82786787.0,40126479.0,41172726.0,7401202.0,7586334.0,9513883.0,10265460.0,10205383.0,13258896.0,10159451.0,7543815.0,5313340.0,Germany
2020-05-18/2020-05-24,ES,2409.0,2.0,,,,19357122.0,8224314.0,8300422.0,1513858.0,1713301.0,1703871.0,2111146.0,2739366.0,2474428.0,1899658.0,1399847.0,992477.0,Spain
2020-05-18/2020-05-24,IT,3067.0,0.0,,,,55443101.0,26986652.0,28456449.0,4633566.0,5231560.0,5623413.0,6471216.0,8507701.0,8610615.0,6764526.0,5533564.0,4066940.0,Italy
2020-05-18/2020-05-24,US,123832.0,7173.0,1267.0,,77.97359487904967,341338766.0,167361582.0,172779253.0,42034674.0,43600405.0,47667343.0,45409648.0,42444067.0,45231261.0,38309532.0,22458802.0,12982024.0,United States of America
2020-05-25/2020-05-31,DE,1279.0,49.0,,,,82786787.0,40126479.0,41172726.0,7401202.0,7586334.0,9513883.0,10265460.0,10205383.0,13258896.0,10159451.0,7543815.0,5313340.0,Germany
2020-05-25/2020-05-31,ES,2769.0,6.0,,,,19357122.0,8224314.0,8300422.0,1513858.0,1713301.0,1703871.0,2111146.0,2739366.0,2474428.0,1899658.0,1399847.0,992477.0,Spain
2020-05-25/2020-05-31,IT,2332.0,0.0,,,,55443101.0,26986652.0,28456449.0,4633566.0,5231560.0,5623413.0,6471216.0,8507701.0,8610615.0,6764526.0,5533564.0,4066940.0,Italy
2020-05-25/2020-05-31,US,112671.0,6016.0,967.0,,77.97359487904967,341338766.0,167361582.0,172779253.0,42034674.0,43600405.0,47667343.0,45409648.0,42444067.0,45231261.0,38309532.0,22458802.0,12982024.0,United States of America
2020-06-01/2020-06-07,DE,932.0,34.0,,,,82786787.0,40126479.0,41172726.0,7401202.0,7586334.0,9513883.0,10265460.0,10205383.0,13258896.0,10159451.0,7543815.0,5313340.0,Germany
2020-06-01/2020-06-07,ES,2661.0,2.0,,,,19357122.0,8224314.0,8300422.0,1513858.0,1713301.0,1703871.0,2111146.0,2739366.0,2474428.0,1899658.0,1399847.0,992477.0,Spain
2020-06-01/2020-06-07,IT,1411.0,0.0,,,,55443101.0,26986652.0,28456449.0,4633566.0,5231560.0,5623413.0,6471216.0,8507701.0,8610615.0,6764526.0,5533564.0,4066940.0,Italy
2020-06-01/2020-06-07,US,113381.0,5176.0,869.0,,77.97359487904967,341338766.0,167361582.0,172779253.0,42034674.0,43600405.0,47667343.0,45409648.0,42444067.0,45231261.0,38309532.0,22458802.0,12982024.0,United States of America
2020-06-08/2020-06-14,DE,999.0,25.0,,,,82786787.0,40126479.0,41172726.0,7401202.0,7586334.0,9513883.0,10265460.0,10205383.0,13258896.0,10159451.0,7543815.0,5313340.0,Germany
2020-06-08/2020-06-14,ES,2729.0,2.0,,,,19357122.0,8224314.0,8300422.0,1513858.0,1713301.0,1703871.0,2111146.0,2739366.0,2474428.0,1899658.0,1399847.0,992477.0,Spain
2020-06-08/2020-06-14,IT,1630.0,0.0,,,,55443101.0,26986652.0,28456449.0,4633566.0,5231560.0,5623413.0,6471216.0,8507701.0,8610615.0,6764526.0,5533564.0,4066940.0,Italy
2020-06-08/2020-06-14,US,105110.0,4448.0,695.0,,77.97359487904967,341338766.0,167361582.0,172779253.0,42034674.0,43600405.0,47667343.0,45409648.0,42444067.0,45231261.0,38309532.0,22458802.0,12982024.0,United States of America
2020-06-15/2020-06-21,DE,2459.0,32.0,,,,82786787.0,40126479.0,41172726.0,7401202.0,7586334.0,9513883.0,10265460.0,10205383.0,13258896.0,10159451.0,7543815.0,5313340.0,Germany
2020-06-15/2020-06-21,ES,2481.0,0.0,,,,19357122.0,8224314.0,8300422.0,1513858.0,1713301.0,1703871.0,2111146.0,2739366.0,2474428.0,1899658.0,1399847.0,992477.0,Spain
2020-06-15/2020-06-21,IT,928.0,0.0,,,,55443101.0,26986652.0,28456449.0,4633566.0,5231560.0,5623413.0,6471216.0,8507701.0,8610615.0,6764526.0,5533564.0,4066940.0,Italy
2020-06-15/2020-06-21,US,136873.0,3431.0,670.0,,77.97359487904967,341338766.0,167361582.0,172779253.0,42034674.0,43600405.0,47667343.0,45409648.0,42444067.0,45231261.0,38309532.0,22458802.0,12982024.0,United States of America
2020-06-22/2020-06-28,DE,1421.0,21.0,,,,82786787.0,40126479.0,41172726.0,7401202.0,7586334.0,9513883.0,10265460.0,10205383.0,13258896.0,10159451.0,7543815.0,5313340.0,Germany
2020-06-22/2020-06-28,ES,2340.0,0.0,,,,19357122.0,8224314.0,8300422.0,1513858.0,1713301.0,1703871.0,2111146.0,2739366.0,2474428.0,1899658.0,1399847.0,992477.0,Spain
2020-06-22/2020-06-28,IT,-412.0,0.0,,,,55443101.0,26986652.0,28456449.0,4633566.0,5231560.0,5623413.0,6471216.0,8507701.0,8610615.0,6764526.0,5533564.0,4066940.0,Italy
2020-06-22/2020-06-28,US,205469.0,5216.0,586.0,,77.97359487904967,341338766.0,167361582.0,172779253.0,42034674.0,43600405.0,47667343.0,45409648.0,42444067.0,45231261.0,38309532.0,22458802.0,12982024.0,United States of America
2020-06-29/2020-07-05,DE,1090.0,22.0,,,,82786787.0,40126479.0,41172726.0,7401202.0,7586334.0,9513883.0,10265460.0,10205383.0,13258896.0,10159451.0,7543815.0,5313340.0,Germany
2020-06-29/2020-07-05,ES,2419.0,0.0,,,,19357122.0,8224314.0,8300422.0,1513858.0,1713301.0,1703871.0,2111146.0,2739366.0,2474428.0,1899658.0,1399847.0,992477.0,Spain
2020-06-29/2020-07-05,IT,791.0,0.0,,,,55443101.0,26986652.0,28456449.0,4633566.0,5231560.0,5623413.0,6471216.0,8507701.0,8610615.0,6764526.0,5533564.0,4066940.0,Italy
2020-06-29/2020-07-05,US,269345.0,2918.0,490.0,,77.97359487904967,341338766.0,167361582.0,172779253.0,42034674.0,43600405.0,47667343.0,45409648.0,42444067.0,45231261.0,38309532.0,22458802.0,12982024.0,United States of America
2020-07-06/2020-07-12,DE,914.0,23.0,,,,82786787.0,40126479.0,41172726.0,7401202.0,7586334.0,9513883.0,10265460.0,10205383.0,13258896.0,10159451.0,7543815.0,5313340.0,Germany
2020-07-06/2020-07-12,ES,4187.0,0.0,,,,19357122.0,8224314.0,8300422.0,1513858.0,1713301.0,1703871.0,2111146.0,2739366.0,2474428.0,1899658.0,1399847.0,992477.0,Spain
2020-07-06/2020-07-12,IT,857.0,0.0,,,,55443101.0,26986652.0,28456449.0,4633566.0,5231560.0,5623413.0,6471216.0,8507701.0,8610615.0,6764526.0,5533564.0,4066940.0,Italy
2020-07-06/2020-07-12,US,315641.0,4324.0,553.0,,77.97359487904967,341338766.0,167361582.0,172779253.0,42034674.0,43600405.0,47667343.0,45409648.0,42444067.0,45231261.0,38309532.0,22458802.0,12982024.0,United States of America
2020-07-13/2020-07-19,DE,990.0,28.0,,,,82786787.0,40126479.0,41172726.0,7401202.0,7586334.0,9513883.0,10265460.0,10205383.0,13258896.0,10159451.0,7543815.0,5313340.0,Germany
2020-07-13/2020-07-19,ES,7018.0,0.0,,,,19357122.0,8224314.0,8300422.0,1513858.0,1713301.0,1703871.0,2111146.0,2739366.0,2474428.0,1899658.0,1399847.0,992477.0,Spain
2020-07-13/2020-07-19,IT,798.0,0.0,,,,55443101.0,26986652.0,28456449.0,4633566.0,5231560.0,5623413.0,6471216.0,8507701.0,8610615.0,6764526.0,5533564.0,4066940.0,Italy
2020-07-13/2020-07-19,US,355811.0,4639.0,544.0,,77.97359487904967,341338766.0,167361582.0,172779253.0,42034674.0,43600405.0,47667343.0,45409648.0,42444067.0,45231261.0,38309532.0,22458802.0,12982024.0,United States of America
2020-07-20/2020-07-26,DE,1291.0,27.0,,,,82786787.0,40126479.0,41172726.0,7401202.0,7586334.0,9513883.0,10265460.0,10205383.0,13258896.0,10159451.0,7543815.0,5313340.0,Germany
2020-07-20/2020-07-26,ES,6878.0,0.0,,,,19357122.0,8224314.0,8300422.0,1513858.0,1713301.0,1703871.0,2111146.0,2739366.0,2474428.0,1899658.0,1399847.0,992477.0,Spain
2020-07-20/2020-07-26,IT,811.0,0.0,,,,55443101.0,26986652.0,28456449.0,4633566.0,5231560.0,5623413.0,6471216.0,8507701.0,8610615.0,6764526.0,5533564.0,4066940.0,Italy
2020-07-20/2020-07-26,US,341394.0,5448.0,439.0,,77.97359487904967,341338766.0,167361582.0,172779253.0,42034674.0,43600405.0,47667343.0,45409648.0,42444067.0,45231261.0,38309532.0,22458802.0,12982024.0,United States of America
2020-07-27/2020-08-02,DE,1585.0,30.0,,,,82786787.0,40126479.0,41172726.0,7401202.0,7586334.0,9513883.0,10265460.0,10205383.0,13258896.0,10159451.0,7543815.0,5313340.0,Germany
2020-07-27/2020-08-02,ES,7200.0,0.0,,,,19357122.0,8224314.0,8300422.0,1513858.0,1713301.0,1703871.0,2111146.0,2739366.0,2474428.0,1899658.0,1399847.0,992477.0,Spain
2020-07-27/2020-08-02,IT,942.0,0.0,,,,55443101.0,26986652.0,28456449.0,4633566.0,5231560.0,5623413.0,6471216.0,8507701.0,8610615.0,6764526.0,5533564.0,4066940.0,Italy
2020-07-27/2020-08-02,US,316178.0,7102.0,453.0,,77.97359487904967,341338766.0,167361582.0,172779253.0,42034674.0,43600405.0,47667343.0,45409648.0,42444067.0,45231261.0,38309532.0,22458802.0,12982024.0,United States of America
2020-08-03/2020-08-09,DE,2130.0,31.0,,,,82786787.0,40126479.0,41172726.0,7401202.0,7586334.0,9513883.0,10265460.0,10205383.0,13258896.0,10159451.0,7543815.0,5313340.0,Germany
2020-08-03/2020-08-09,ES,9027.0,4.0,,,,19357122.0,8224314.0,8300422.0,1513858.0,1713301.0,1703871.0,2111146.0,2739366.0,2474428.0,1899658.0,1399847.0,992477.0,Spain
2020-08-03/2020-08-09,IT,1102.0,0.0,,,,55443101.0,26986652.0,28456449.0,4633566.0,5231560.0,5623413.0,6471216.0,8507701.0,8610615.0,6764526.0,5533564.0,4066940.0,Italy
2020-08-03/2020-08-09,US,263553.0,5159.0,430.0,,77.97359487904967,341338766.0,167361582.0,172779253.0,42034674.0,43600405.0,47667343.0,45409648.0,42444067.0,45231261.0,38309532.0,22458802.0,12982024.0,United States of America
2020-08-10/2020-08-16,DE,2746.0,26.0,,,,82786787.0,40126479.0,41172726.0,7401202.0,7586334.0,9513883.0,10265460.0,10205383.0,13258896.0,10159451.0,7543815.0,5313340.0,Germany
2020-08-10/2020-08-16,ES,14690.0,4.0,,,,19357122.0,8224314.0,8300422.0,1513858.0,1713301.0,1703871.0,2111146.0,2739366.0,2474428.0,1899658.0,1399847.0,992477.0,Spain
2020-08-10/2020-08-16,IT,1591.0,0.0,,,,55443101.0,26986652.0,28456449.0,4633566.0,5231560.0,5623413.0,6471216.0,8507701.0,8610615.0,6764526.0,5533564.0,4066940.0,Italy
2020-08-10/2020-08-16,US,256347.0,5962.0,424.0,,77.97359487904967,341338766.0,167361582.0,172779253.0,42034674.0,43600405.0,47667343.0,45409648.0,42444067.0,45231261.0,38309532.0,22458802.0,12982024.0,United States of America
2020-08-17/2020-08-23,DE,2977.0,27.0,,,,82786787.0,40126479.0,41172726.0,7401202.0,7586334.0,9513883.0,10265460.0,10205383.0,13258896.0,10159451.0,7543815.0,5313340.0,Germany
2020-08-17/2020-08-23,ES,23174.0,6.0,,,,19357122.0,8224314.0,8300422.0,1513858.0,1713301.0,1703871.0,2111146.0,2739366.0,2474428.0,1899658.0,1399847.0,992477.0,Spain
2020-08-17/2020-08-23,IT,2960.0,0.0,,,,55443101.0,26986652.0,28456449.0,4633566.0,5231560.0,5623413.0,6471216.0,8507701.0,8610615.0,6764526.0,5533564.0,4066940.0,Italy
2020-08-17/2020-08-23,US,194701.0,5183.0,417.0,,77.97359487904967,341338766.0,167361582.0,172779253.0,42034674.0,43600405.0,47667343.0,45409648.0,42444067.0,45231261.0,38309532.0,22458802.0,12982024.0,United States of America
2020-08-24/2020-08-30,DE,2861.0,15.0,,,,82786787.0,40126479.0,41172726.0,7401202.0,7586334.0,9513883.0,10265460.0,10205383.0,13258896.0,10159451.0,7543815.0,5313340.0,Germany
2020-08-24/2020-08-30,ES,30825.0,12.0,,,,19357122.0,8224314.0,8300422.0,1513858.0,1713301.0,1703871.0,2111146.0,2739366.0,2474428.0,1899658.0,1399847.0,992477.0,Spain
2020-08-24/2020-08-30,IT,4907.0,0.0,,,,55443101.0,26986652.0,28456449.0,4633566.0,5231560.0,5623413.0,6471216.0,8507701.0,8610615.0,6764526.0,5533564.0,4066940.0,Italy
2020-08-24/2020-08-30,US,185094.0,4687.0,390.0,,77.97359487904967,341338766.0,167361582.0,172779253.0,42034674.0,43600405.0,47667343.0,45409648.0,42444067.0,45231261.0,38309532.0,22458802.0,12982024.0,United States of America
2020-08-31/2020-09-06,DE,2977.0,33.0,,,,82786787.0,40126479.0,41172726.0,7401202.0,7586334.0,9513883.0,10265460.0,10205383.0,13258896.0,10159451.0,7543815.0,5313340.0,Germany
2020-08-31/2020-09-06,ES,35707.0,26.0,,,,19357122.0,8224314.0,8300422.0,1513858.0,1713301.0,1703871.0,2111146.0,2739366.0,2474428.0,1899658.0,1399847.0,992477.0,Spain
2020-08-31/2020-09-06,IT,5248.0,0.0,,,,55443101.0,26986652.0,28456449.0,4633566.0,5231560.0,5623413.0,6471216.0,8507701.0,8610615.0,6764526.0,5533564.0,4066940.0,Italy
2020-08-31/2020-09-06,US,172683.0,4427.0,367.0,,77.97359487904967,341338766.0,167361582.0,172779253.0,42034674.0,43600405.0,47667343.0,45409648.0,42444067.0,45231261.0,38309532.0,22458802.0,12982024.0,United States of America
2020-09-07/2020-09-13,DE,3579.0,61.0,,,,82786787.0,40126479.0,41172726.0,7401202.0,7586334.0,9513883.0,10265460.0,10205383.0,13258896.0,10159451.0,7543815.0,5313340.0,Germany
2020-09-07/2020-09-13,ES,38253.0,33.0,,,,19357122.0,8224314.0,8300422.0,1513858.0,1713301.0,1703871.0,2111146.0,2739366.0,2474428.0,1899658.0,1399847.0,992477.0,Spain
2020-09-07/2020-09-13,IT,5160.0,0.0,,,,55443101.0,26986652.0,28456449.0,4633566.0,5231560.0,5623413.0,6471216.0,8507701.0,8610615.0,6764526.0,5533564.0,4066940.0,Italy
2020-09-07/2020-09-13,US,144951.0,3696.0,303.0,,77.97359487904967,341338766.0,167361582.0,172779253.0,42034674.0,43600405.0,47667343.0,45409648.0,42444067.0,45231261.0,38309532.0,22458802.0,12982024.0,United States of America
2020-09-14/2020-09-20,DE,5067.0,71.0,,,,82786787.0,40126479.0,41172726.0,7401202.0,7586334.0,9513883.0,10265460.0,10205383.0,13258896.0,10159451.0,7543815.0,5313340.0,Germany
2020-09-14/2020-09-20,ES,43691.0,36.0,,,,19357122.0,8224314.0,8300422.0,1513858.0,1713301.0,1703871.0,2111146.0,2739366.0,2474428.0,1899658.0,1399847.0,992477.0,Spain
2020-09-14/2020-09-20,IT,5801.0,0.0,,,,55443101.0,26986652.0,28456449.0,4633566.0,5231560.0,5623413.0,6471216.0,8507701.0,8610615.0,6764526.0,5533564.0,4066940.0,Italy
2020-09-14/2020-09-20,US,166617.0,3901.0,447.0,,77.97359487904967,341338766.0,167361582.0,172779253.0,42034674.0,43600405.0,47667343.0,45409648.0,42444067.0,45231261.0,38309532.0,22458802.0,12982024.0,United States of America
2020-09-21/2020-09-27,DE,5489.0,95.0,,,,82786787.0,40126479.0,41172726.0,7401202.0,7586334.0,9513883.0,10265460.0,10205383.0,13258896.0,10159451.0,7543815.0,5313340.0,Germany
2020-09-21/2020-09-27,ES,50950.0,38.0,,,,19357122.0,8224314.0,8300422.0,1513858.0,1713301.0,1703871.0,2111146.0,2739366.0,2474428.0,1899658.0,1399847.0,992477.0,Spain
2020-09-21/2020-09-27,IT,6519.0,0.0,,,,55443101.0,26986652.0,28456449.0,4633566.0,5231560.0,5623413.0,6471216.0,8507701.0,8610615.0,6764526.0,5533564.0,4066940.0,Italy
2020-09-21/2020-09-27,US,187494.0,3673.0,506.0,,77.97359487904967,341338766.0,167361582.0,172779253.0,42034674.0,43600405.0,47667343.0,45409648.0,42444067.0,45231261.0,38309532.0,22458802.0,12982024.0,United States of America
2020-09-28/2020-10-04,DE,7094.0,110.0,,,,82786787.0,40126479.0,41172726.0,7401202.0,7586334.0,9513883.0,10265460.0,10205383.0,13258896.0,10159451.0,7543815.0,5313340.0,Germany
2020-09-28/2020-10-04,ES,49307.0,6.0,,,,19357122.0,8224314.0,8300422.0,1513858.0,1713301.0,1703871.0,2111146.0,2739366.0,2474428.0,1899658.0,1399847.0,992477.0,Spain
2020-09-28/2020-10-04,IT,9289.0,0.0,,,,55443101.0,26986652.0,28456449.0,4633566.0,5231560.0,5623413.0,6471216.0,8507701.0,8610615.0,6764526.0,5533564.0,4066940.0,Italy
2020-09-28/2020-10-04,US,174773.0,3488.0,594.0,,77.97359487904967,341338766.0,167361582.0,172779253.0,42034674.0,43600405.0,47667343.0,45409648.0,42444067.0,45231261.0,38309532.0,22458802.0,12982024.0,United States of America
2020-10-05/2020-10-11,DE,13558.0,219.0,,,,82786787.0,40126479.0,41172726.0,7401202.0,7586334.0,9513883.0,10265460.0,10205383.0,13258896.0,10159451.0,7543815.0,5313340.0,Germany
2020-10-05/2020-10-11,ES,41941.0,21.0,,,,19357122.0,8224314.0,8300422.0,1513858.0,1713301.0,1703871.0,2111146.0,2739366.0,2474428.0,1899658.0,1399847.0,992477.0,Spain
2020-10-05/2020-10-11,IT,20099.0,0.0,,,,55443101.0,26986652.0,28456449.0,4633566.0,5231560.0,5623413.0,6471216.0,8507701.0,8610615.0,6764526.0,5533564.0,4066940.0,Italy
2020-10-05/2020-10-11,US,220237.0,3478.0,663.0,,77.97359487904967,341338766.0,167361582.0,172779253.0,42034674.0,43600405.0,47667343.0,45409648.0,42444067.0,45231261.0,38309532.0,22458802.0,12982024.0,United States of America
2020-10-12/2020-10-18,DE,23863.0,412.0,,,,82786787.0,40126479.0,41172726.0,7401202.0,7586334.0,9513883.0,10265460.0,10205383.0,13258896.0,10159451.0,7543815.0,5313340.0,Germany
2020-10-12/2020-10-18,ES,38528.0,20.0,,,,19357122.0,8224314.0,8300422.0,1513858.0,1713301.0,1703871.0,2111146.0,2739366.0,2474428.0,1899658.0,1399847.0,992477.0,Spain
2020-10-12/2020-10-18,IT,43388.0,0.0,,,,55443101.0,26986652.0,28456449.0,4633566.0,5231560.0,5623413.0,6471216.0,8507701.0,8610615.0,6764526.0,5533564.0,4066940.0,Italy
2020-10-12/2020-10-18,US,232479.0,3475.0,707.0,,77.97359487904967,341338766.0,167361582.0,172779253.0,42034674.0,43600405.0,47667343.0,45409648.0,42444067.0,45231261.0,38309532.0,22458802.0,12982024.0,United States of America
2020-10-19/2020-10-25,DE,49865.0,898.0,,,,82786787.0,40126479.0,41172726.0,7401202.0,7586334.0,9513883.0,10265460.0,10205383.0,13258896.0,10159451.0,7543815.0,5313340.0,Germany
2020-10-19/2020-10-25,ES,44390.0,25.0,,,,19357122.0,8224314.0,8300422.0,1513858.0,1713301.0,1703871.0,2111146.0,2739366.0,2474428.0,1899658.0,1399847.0,992477.0,Spain
2020-10-19/2020-10-25,IT,89774.0,0.0,,,,55443101.0,26986652.0,28456449.0,4633566.0,5231560.0,5623413.0,6471216.0,8507701.0,8610615.0,6764526.0,5533564.0,4066940.0,Italy
2020-10-19/2020-10-25,US,300635.0,3884.0,788.0,,77.97359487904967,341338766.0,167361582.0,172779253.0,42034674.0,43600405.0,47667343.0,45409648.0,42444067.0,45231261.0,38309532.0,22458802.0,12982024.0,United States of America
2020-10-26/2020-11-01,DE,79558.0,1430.0,,,,82786787.0,40126479.0,41172726.0,7401202.0,7586334.0,9513883.0,10265460.0,10205383.0,13258896.0,10159451.0,7543815.0,5313340.0,Germany
2020-10-26/2020-11-01,ES,45140.0,22.0,,,,19357122.0,8224314.0,8300422.0,1513858.0,1713301.0,1703871.0,2111146.0,2739366.0,2474428.0,1899658.0,1399847.0,992477.0,Spain
2020-10-26/2020-11-01,IT,155940.0,0.0,,,,55443101.0,26986652.0,28456449.0,4633566.0,5231560.0,5623413.0,6471216.0,8507701.0,8610615.0,6764526.0,5533564.0,4066940.0,Italy
2020-10-26/2020-11-01,US,367851.0,4151.0,725.0,,77.97359487904967,341338766.0,167361582.0,172779253.0,42034674.0,43600405.0,47667343.0,45409648.0,42444067.0,45231261.0,38309532.0,22458802.0,12982024.0,United States of America
2020-11-02/2020-11-08,DE,92686.0,1653.0,,,,82786787.0,40126479.0,41172726.0,7401202.0,7586334.0,9513883.0,10265460.0,10205383.0,13258896.0,10159451.0,7543815.0,5313340.0,Germany
2020-11-02/2020-11-08,ES,35543.0,24.0,,,,19357122.0,8224314.0,8300422.0,1513858.0,1713301.0,1703871.0,2111146.0,2739366.0,2474428.0,1899658.0,1399847.0,992477.0,Spain
2020-11-02/2020-11-08,IT,192286.0,0.0,,,,55443101.0,26986652.0,28456449.0,4633566.0,5231560.0,5623413.0,6471216.0,8507701.0,8610615.0,6764526.0,5533564.0,4066940.0,Italy
2020-11-02/2020-11-08,US,540227.0,5610.0,921.0,,77.97359487904967,341338766.0,167361582.0,172779253.0,42034674.0,43600405.0,47667343.0,45409648.0,42444067.0,45231261.0,38309532.0,22458802.0,12982024.0,United States of America
2020-11-09/2020-11-15,DE,98682.0,2252.0,,,,82786787.0,40126479.0,41172726.0,7401202.0,7586334.0,9513883.0,10265460.0,10205383.0,13258896.0,10159451.0,7543815.0,5313340.0,Germany
2020-11-09/2020-11-15,ES,26810.0,25.0,,,,19357122.0,8224314.0,8300422.0,1513858.0,1713301.0,1703871.0,2111146.0,2739366.0,2474428.0,1899658.0,1399847.0,992477.0,Spain
2020-11-09/2020-11-15,IT,209228.0,0.0,,,,55443101.0,26986652.0,28456449.0,4633566.0,5231560.0,5623413.0,6471216.0,8507701.0,8610615.0,6764526.0,5533564.0,4066940.0,Italy
2020-11-09/2020-11-15,US,762164.0,6546.0,1215.0,,77.97359487904967,341338766.0,167361582.0,172779253.0,42034674.0,43600405.0,47667343.0,45409648.0,42444067.0,45231261.0,38309532.0,22458802.0,12982024.0,United States of America
2020-11-16/2020-11-22,DE,98169.0,2828.0,,,,82786787.0,40126479.0,41172726.0,7401202.0,7586334.0,9513883.0,10265460.0,10205383.0,13258896.0,10159451.0,7543815.0,5313340.0,Germany
2020-11-16/2020-11-22,ES,23191.0,28.0,,,,19357122.0,8224314.0,8300422.0,1513858.0,1713301.0,1703871.0,2111146.0,2739366.0,2474428.0,1899658.0,1399847.0,992477.0,Spain
2020-11-16/2020-11-22,IT,195657.0,0.0,,,,55443101.0,26986652.0,28456449.0,4633566.0,5231560.0,5623413.0,6471216.0,8507701.0,8610615.0,6764526.0,5533564.0,4066940.0,Italy
2020-11-16/2020-11-22,US,884398.0,8228.0,1693.0,,77.97359487904967,341338766.0,167361582.0,172779253.0,42034674.0,43600405.0,47667343.0,45409648.0,42444067.0,45231261.0,38309532.0,22458802.0,12982024.0,United States of America
2020-11-23/2020-11-29,DE,96704.0,3189.0,,,,82786787.0,40126479.0,41172726.0,7401202.0,7586334.0,9513883.0,10265460.0,10205383.0,13258896.0,10159451.0,7543815.0,5313340.0,Germany
2020-11-23/2020-11-29,ES,18461.0,32.0,,,,19357122.0,8224314.0,8300422.0,1513858.0,1713301.0,1703871.0,2111146.0,2739366.0,2474428.0,1899658.0,1399847.0,992477.0,Spain
2020-11-23/2020-11-29,IT,149441.0,0.0,,,,55443101.0,26986652.0,28456449.0,4633566.0,5231560.0,5623413.0,6471216.0,8507701.0,8610615.0,6764526.0,5533564.0,4066940.0,Italy
2020-11-23/2020-11-29,US,859927.0,8144.0,1966.0,,77.97359487904967,341338766.0,167361582.0,172779253.0,42034674.0,43600405.0,47667343.0,45409648.0,42444067.0,45231261.0,38309532.0,22458802.0,12982024.0,United States of America
2020-11-30/2020-12-06,DE,102661.0,3958.0,,,,82786787.0,40126479.0,41172726.0,7401202.0,7586334.0,9513883.0,10265460.0,10205383.0,13258896.0,10159451.0,7543815.0,5313340.0,Germany
2020-11-30/2020-12-06,ES,18150.0,12.0,,,,19357122.0,8224314.0,8300422.0,1513858.0,1713301.0,1703871.0,2111146.0,2739366.0,2474428.0,1899658.0,1399847.0,992477.0,Spain
2020-11-30/2020-12-06,IT,123297.0,0.0,,,,55443101.0,26986652.0,28456449.0,4633566.0,5231560.0,5623413.0,6471216.0,8507701.0,8610615.0,6764526.0,5533564.0,4066940.0,Italy
2020-11-30/2020-12-06,US,1094628.0,12591.0,2574.0,,77.97359487904967,341338766.0,167361582.0,172779253.0,42034674.0,43600405.0,47667343.0,45409648.0,42444067.0,45231261.0,38309532.0,22458802.0,12982024.0,United States of America
2020-12-07/2020-12-13,DE,129491.0,5205.0,,,,82786787.0,40126479.0,41172726.0,7401202.0,7586334.0,9513883.0,10265460.0,10205383.0,13258896.0,10159451.0,7543815.0,5313340.0,Germany
2020-12-07/2020-12-13,ES,18869.0,32.0,,,,19357122.0,8224314.0,8300422.0,1513858.0,1713301.0,1703871.0,2111146.0,2739366.0,2474428.0,1899658.0,1399847.0,992477.0,Spain
2020-12-07/2020-12-13,IT,98328.0,0.0,,,,55443101.0,26986652.0,28456449.0,4633566.0,5231560.0,5623413.0,6471216.0,8507701.0,8610615.0,6764526.0,5533564.0,4066940.0,Italy
2020-12-07/2020-12-13,US,1237691.0,13905.0,3326.0,,77.97359487904967,341338766.0,167361582.0,172779253.0,42034674.0,43600405.0,47667343.0,45409648.0,42444067.0,45231261.0,38309532.0,22458802.0,12982024.0,United States of America
2020-12-14/2020-12-20,DE,147197.0,5839.0,,,,82786787.0,40126479.0,41172726.0,7401202.0,7586334.0,9513883.0,10265460.0,10205383.0,13258896.0,10159451.0,7543815.0,5313340.0,Germany
2020-12-14/2020-12-20,ES,24430.0,56.0,,,,19357122.0,8224314.0,8300422.0,1513858.0,1713301.0,1703871.0,2111146.0,2739366.0,2474428.0,1899658.0,1399847.0,992477.0,Spain
2020-12-14/2020-12-20,IT,94596.0,0.0,,,,55443101.0,26986652.0,28456449.0,4633566.0,5231560.0,5623413.0,6471216.0,8507701.0,8610615.0,6764526.0,5533564.0,4066940.0,Italy
2020-12-14/2020-12-20,US,1244608.0,15122.0,3397.0,,77.97359487904967,341338766.0,167361582.0,172779253.0,42034674.0,43600405.0,47667343.0,45409648.0,42444067.0,45231261.0,38309532.0,22458802.0,12982024.0,United States of America
2020-12-21/2020-12-27,DE,116539.0,5105.0,,,,82786787.0,40126479.0,41172726.0,7401202.0,7586334.0,9513883.0,10265460.0,10205383.0,13258896.0,10159451.0,7543815.0,5313340.0,Germany
2020-12-21/2020-12-27,ES,29436.0,37.0,,,,19357122.0,8224314.0,8300422.0,1513858.0,1713301.0,1703871.0,2111146.0,2739366.0,2474428.0,1899658.0,1399847.0,992477.0,Spain
2020-12-21/2020-12-27,IT,78134.0,0.0,,,,55443101.0,26986652.0,28456449.0,4633566.0,5231560.0,5623413.0,6471216.0,8507701.0,8610615.0,6764526.0,5533564.0,4066940.0,Italy
2020-12-21/2020-12-27,US,1059522.0,13137.0,3966.0,,77.97359487904967,341338766.0,167361582.0,172779253.0,42034674.0,43600405.0,47667343.0,45409648.0,42444067.0,45231261.0,38309532.0,22458802.0,12982024.0,United States of America
2020-12-28/2021-01-03,DE,99798.0,4974.0,,,,82786787.0,40126479.0,41172726.0,7401202.0,7586334.0,9513883.0,10265460.0,10205383.0,13258896.0,10159451.0,7543815.0,5313340.0,Germany
2020-12-28/2021-01-03,ES,28543.0,53.0,,,,19357122.0,8224314.0,8300422.0,1513858.0,1713301.0,1703871.0,2111146.0,2739366.0,2474428.0,1899658.0,1399847.0,992477.0,Spain
2020-12-28/2021-01-03,IT,92915.0,0.0,,,,55443101.0,26986652.0,28456449.0,4633566.0,5231560.0,5623413.0,6471216.0,8507701.0,8610615.0,6764526.0,5533564.0,4066940.0,Italy
2020-12-28/2021-01-03,US,1240338.0,15841.0,4438.0,,77.97359487904967,341338766.0,167361582.0,172779253.0,42034674.0,43600405.0,47667343.0,45409648.0,42444067.0,45231261.0,38309532.0,22458802.0,12982024.0,United States of America
2021-01-04/2021-01-10,DE,119841.0,5081.0,,,,82786787.0,40126479.0,41172726.0,7401202.0,7586334.0,9513883.0,10265460.0,10205383.0,13258896.0,10159451.0,7543815.0,5313340.0,Germany
2021-01-04/2021-01-10,ES,40182.0,29.0,,,,19357122.0,8224314.0,8300422.0,1513858.0,1713301.0,1703871.0,2111146.0,2739366.0,2474428.0,1899658.0,1399847.0,992477.0,Spain
2021-01-04/2021-01-10,IT,104258.0,0.0,,,,55443101.0,26986652.0,28456449.0,4633566.0,5231560.0,5623413.0,6471216.0,8507701.0,8610615.0,6764526.0,5533564.0,4066940.0,Italy
2021-01-04/2021-01-10,US,1515730.0,19990.0,5016.0,,77.97359487904967,341338766.0,167361582.0,172779253.0,42034674.0,43600405.0,47667343.0,45409648.0,42444067.0,45231261.0,38309532.0,22458802.0,12982024.0,United States of America
2021-01-11/2021-01-17,DE,92370.0,4382.0,,,,82786787.0,40126479.0,41172726.0,7401202.0,7586334.0,9513883.0,10265460.0,10205383.0,13258896.0,10159451.0,7543815.0,5313340.0,Germany
2021-01-11/2021-01-17,ES,56506.0,51.0,,,,19357122.0,8224314.0,8300422.0,1513858.0,1713301.0,1703871.0,2111146.0,2739366.0,2474428.0,1899658.0,1399847.0,992477.0,Spain
2021-01-11/2021-01-17,IT,87721.0,0.0,,,,55443101.0,26986652.0,28456449.0,4633566.0,5231560.0,5623413.0,6471216.0,8507701.0,8610615.0,6764526.0,5533564.0,4066940.0,Italy
2021-01-11/2021-01-17,US,1301079.0,19657.0,5542.0,,77.97359487904967,341338766.0,167361582.0,172779253.0,42034674.0,43600405.0,47667343.0,45409648.0,42444067.0,45231261.0,38309532.0,22458802.0,12982024.0,United States of America
2021-01-18/2021-01-24,DE,70054.0,3355.0,,,,82786787.0,40126479.0,41172726.0,7401202.0,7586334.0,9513883.0,10265460.0,10205383.0,13258896.0,10159451.0,7543815.0,5313340.0,Germany
2021-01-18/2021-01-24,ES,59045.0,66.0,,,,19357122.0,8224314.0,8300422.0,1513858.0,1713301.0,1703871.0,2111146.0,2739366.0,2474428.0,1899658.0,1399847.0,992477.0,Spain
2021-01-18/2021-01-24,IT,67521.0,0.0,,,,55443101.0,26986652.0,28456449.0,4633566.0,5231560.0,5623413.0,6471216.0,8507701.0,8610615.0,6764526.0,5533564.0,4066940.0,Italy
2021-01-18/2021-01-24,US,983331.0,18466.0,5339.0,,77.97359487904967,341338766.0,167361582.0,172779253.0,42034674.0,43600405.0,47667343.0,45409648.0,42444067.0,45231261.0,38309532.0,22458802.0,12982024.0,United States of America
2021-01-25/2021-01-31,DE,52408.0,2457.0,,,,82786787.0,40126479.0,41172726.0,7401202.0,7586334.0,9513883.0,10265460.0,10205383.0,13258896.0,10159451.0,7543815.0,5313340.0,Germany
2021-01-25/2021-01-31,ES,66188.0,40.0,,,,19357122.0,8224314.0,8300422.0,1513858.0,1713301.0,1703871.0,2111146.0,2739366.0,2474428.0,1899658.0,1399847.0,992477.0,Spain
2021-01-25/2021-01-31,IT,65696.0,0.0,,,,55443101.0,26986652.0,28456449.0,4633566.0,5231560.0,5623413.0,6471216.0,8507701.0,8610615.0,6764526.0,5533564.0,4066940.0,Italy
2021-01-25/2021-01-31,US,851663.0,19015.0,5192.0,,77.97359487904967,341338766.0,167361582.0,172779253.0,42034674.0,43600405.0,47667343.0,45409648.0,42444067.0,45231261.0,38309532.0,22458802.0,12982024.0,United States of America
2021-02-01/2021-02-07,DE,39293.0,1716.0,,,,82786787.0,40126479.0,41172726.0,7401202.0,7586334.0,9513883.0,10265460.0,10205383.0,13258896.0,10159451.0,7543815.0,5313340.0,Germany
2021-02-01/2021-02-07,ES,55081.0,34.0,,,,19357122.0,8224314.0,8300422.0,1513858.0,1713301.0,1703871.0,2111146.0,2739366.0,2474428.0,1899658.0,1399847.0,992477.0,Spain
2021-02-01/2021-02-07,IT,62640.0,0.0,,,,55443101.0,26986652.0,28456449.0,4633566.0,5231560.0,5623413.0,6471216.0,8507701.0,8610615.0,6764526.0,5533564.0,4066940.0,Italy
2021-02-01/2021-02-07,US,663577.0,19061.0,5358.0,,77.97359487904967,341338766.0,167361582.0,172779253.0,42034674.0,43600405.0,47667343.0,45409648.0,42444067.0,45231261.0,38309532.0,22458802.0,12982024.0,United States of America
2021-02-08/2021-02-14,DE,28408.0,1231.0,,,,82786787.0,40126479.0,41172726.0,7401202.0,7586334.0,9513883.0,10265460.0,10205383.0,13258896.0,10159451.0,7543815.0,5313340.0,Germany
2021-02-08/2021-02-14,ES,42471.0,34.0,,,,19357122.0,8224314.0,8300422.0,1513858.0,1713301.0,1703871.0,2111146.0,2739366.0,2474428.0,1899658.0,1399847.0,992477.0,Spain
2021-02-08/2021-02-14,IT,63332.0,0.0,,,,55443101.0,26986652.0,28456449.0,4633566.0,5231560.0,5623413.0,6471216.0,8507701.0,8610615.0,6764526.0,5533564.0,4066940.0,Italy
2021-02-08/2021-02-14,US,503639.0,19141.0,4692.0,,77.97359487904967,341338766.0,167361582.0,172779253.0,42034674.0,43600405.0,47667343.0,45409648.0,42444067.0,45231261.0,38309532.0,22458802.0,12982024.0,United States of America
2021-02-15/2021-02-21,DE,29389.0,1116.0,,,,82786787.0,40126479.0,41172726.0,7401202.0,7586334.0,9513883.0,10265460.0,10205383.0,13258896.0,10159451.0,7543815.0,5313340.0,Germany
2021-02-15/2021-02-21,ES,29496.0,32.0,,,,19357122.0,8224314.0,8300422.0,1513858.0,1713301.0,1703871.0,2111146.0,2739366.0,2474428.0,1899658.0,1399847.0,992477.0,Spain
2021-02-15/2021-02-21,IT,67179.0,0.0,,,,55443101.0,26986652.0,28456449.0,4633566.0,5231560.0,5623413.0,6471216.0,8507701.0,8610615.0,6764526.0,5533564.0,4066940.0,Italy
2021-02-15/2021-02-21,US,354565.0,11325.0,4210.0,,77.97359487904967,341338766.0,167361582.0,172779253.0,42034674.0,43600405.0,47667343.0,45409648.0,42444067.0,45231261.0,38309532.0,22458802.0,12982024.0,United States of America
2021-02-22/2021-02-28,DE,30919.0,885.0,,,,82786787.0,40126479.0,41172726.0,7401202.0,7586334.0,9513883.0,10265460.0,10205383.0,13258896.0,10159451.0,7543815.0,5313340.0,Germany
2021-02-22/2021-02-28,ES,22818.0,37.0,,,,19357122.0,8224314.0,8300422.0,1513858.0,1713301.0,1703871.0,2111146.0,2739366.0,2474428.0,1899658.0,1399847.0,992477.0,Spain
2021-02-22/2021-02-28,IT,93437.0,0.0,,,,55443101.0,26986652.0,28456449.0,4633566.0,5231560.0,5623413.0,6471216.0,8507701.0,8610615.0,6764526.0,5533564.0,4066940.0,Italy
2021-02-22/2021-02-28,US,367880.0,12010.0,4296.0,,77.97359487904967,341338766.0,167361582.0,172779253.0,42034674.0,43600405.0,47667343.0,45409648.0,42444067.0,45231261.0,38309532.0,22458802.0,12982024.0,United States of America
2021-03-01/2021-03-07,DE,31543.0,775.0,,,,82786787.0,40126479.0,41172726.0,7401202.0,7586334.0,9513883.0,10265460.0,10205383.0,13258896.0,10159451.0,7543815.0,5313340.0,Germany
2021-03-01/2021-03-07,ES,19213.0,33.0,,,,19357122.0,8224314.0,8300422.0,1513858.0,1713301.0,1703871.0,2111146.0,2739366.0,2474428.0,1899658.0,1399847.0,992477.0,Spain
2021-03-01/2021-03-07,IT,118682.0,0.0,,,,55443101.0,26986652.0,28456449.0,4633566.0,5231560.0,5623413.0,6471216.0,8507701.0,8610615.0,6764526.0,5533564.0,4066940.0,Italy
2021-03-01/2021-03-07,US,316180.0,9349.0,3827.0,,77.97359487904967,341338766.0,167361582.0,172779253.0,42034674.0,43600405.0,47667343.0,45409648.0,42444067.0,45231261.0,38309532.0,22458802.0,12982024.0,United States of America
2021-03-08/2021-03-14,DE,41159.0,844.0,,,,82786787.0,40126479.0,41172726.0,7401202.0,7586334.0,9513883.0,10265460.0,10205383.0,13258896.0,10159451.0,7543815.0,5313340.0,Germany
2021-03-08/2021-03-14,ES,17365.0,25.0,,,,19357122.0,8224314.0,8300422.0,1513858.0,1713301.0,1703871.0,2111146.0,2739366.0,2474428.0,1899658.0,1399847.0,992477.0,Spain
2021-03-08/2021-03-14,IT,128884.0,0.0,,,,55443101.0,26986652.0,28456449.0,4633566.0,5231560.0,5623413.0,6471216.0,8507701.0,8610615.0,6764526.0,5533564.0,4066940.0,Italy
2021-03-08/2021-03-14,US,327507.0,7590.0,3767.0,,77.97359487904967,341338766.0,167361582.0,172779253.0,42034674.0,43600405.0,47667343.0,45409648.0,42444067.0,45231261.0,38309532.0,22458802.0,12982024.0,United States of America
2021-03-15/2021-03-21,DE,58792.0,1016.0,,,,82786787.0,40126479.0,41172726.0,7401202.0,7586334.0,9513883.0,10265460.0,10205383.0,13258896.0,10159451.0,7543815.0,5313340.0,Germany
2021-03-15/2021-03-21,ES,18557.0,45.0,,,,19357122.0,8224314.0,8300422.0,1513858.0,1713301.0,1703871.0,2111146.0,2739366.0,2474428.0,1899658.0,1399847.0,992477.0,Spain
2021-03-15/2021-03-21,IT,134928.0,0.0,,,,55443101.0,26986652.0,28456449.0,4633566.0,5231560.0,5623413.0,6471216.0,8507701.0,8610615.0,6764526.0,5533564.0,4066940.0,Italy
2021-03-15/2021-03-21,US,298012.0,6437.0,3813.0,,77.97359487904967,341338766.0,167361582.0,172779253.0,42034674.0,43600405.0,47667343.0,45409648.0,42444067.0,45231261.0,38309532.0,22458802.0,12982024.0,United States of America
2021-03-22/2021-03-28,DE,77618.0,1239.0,,,,82786787.0,40126479.0,41172726.0,7401202.0,7586334.0,9513883.0,10265460.0,10205383.0,13258896.0,10159451.0,7543815.0,5313340.0,Germany
2021-03-22/2021-03-28,ES,18820.0,27.0,,,,19357122.0,8224314.0,8300422.0,1513858.0,1713301.0,1703871.0,2111146.0,2739366.0,2474428.0,1899658.0,1399847.0,992477.0,Spain
2021-03-22/2021-03-28,IT,125568.0,0.0,,,,55443101.0,26986652.0,28456449.0,4633566.0,5231560.0,5623413.0,6471216.0,8507701.0,8610615.0,6764526.0,5533564.0,4066940.0,Italy
2021-03-22/2021-03-28,US,329395.0,5872.0,4001.0,,77.97359487904967,341338766.0,167361582.0,172779253.0,42034674.0,43600405.0,47667343.0,45409648.0,42444067.0,45231261.0,38309532.0,22458802.0,12982024.0,United States of America
2021-03-29/2021-04-04,DE,73894.0,1289.0,,,,82786787.0,40126479.0,41172726.0,7401202.0,7586334.0,9513883.0,10265460.0,10205383.0,13258896.0,10159451.0,7543815.0,5313340.0,Germany
2021-03-29/2021-04-04,ES,21971.0,34.0,,,,19357122.0,8224314.0,8300422.0,1513858.0,1713301.0,1703871.0,2111146.0,2739366.0,2474428.0,1899658.0,1399847.0,992477.0,Spain
2021-03-29/2021-04-04,IT,115386.0,0.0,,,,55443101.0,26986652.0,28456449.0,4633566.0,5231560.0,5623413.0,6471216.0,8507701.0,8610615.0,6764526.0,5533564.0,4066940.0,Italy
2021-03-29/2021-04-04,US,344207.0,4842.0,3692.0,,77.97359487904967,341338766.0,167361582.0,172779253.0,42034674.0,43600405.0,47667343.0,45409648.0,42444067.0,45231261.0,38309532.0,22458802.0,12982024.0,United States of America
2021-04-05/2021-04-11,DE,80512.0,1280.0,,,,82786787.0,40126479.0,41172726.0,7401202.0,7586334.0,9513883.0,10265460.0,10205383.0,13258896.0,10159451.0,7543815.0,5313340.0,Germany
2021-04-05/2021-04-11,ES,21758.0,20.0,,,,19357122.0,8224314.0,8300422.0,1513858.0,1713301.0,1703871.0,2111146.0,2739366.0,2474428.0,1899658.0,1399847.0,992477.0,Spain
2021-04-05/2021-04-11,IT,83609.0,0.0,,,,55443101.0,26986652.0,28456449.0,4633566.0,5231560.0,5623413.0,6471216.0,8507701.0,8610615.0,6764526.0,5533564.0,4066940.0,Italy
2021-04-05/2021-04-11,US,369448.0,6343.0,3000.0,,77.97359487904967,341338766.0,167361582.0,172779253.0,42034674.0,43600405.0,47667343.0,45409648.0,42444067.0,45231261.0,38309532.0,22458802.0,12982024.0,United States of America
2021-04-12/2021-04-18,DE,99137.0,1358.0,,,,82786787.0,40126479.0,41172726.0,7401202.0,7586334.0,9513883.0,10265460.0,10205383.0,13258896.0,10159451.0,7543815.0,5313340.0,Germany
2021-04-12/2021-04-18,ES,29151.0,44.0,,,,19357122.0,8224314.0,8300422.0,1513858.0,1713301.0,1703871.0,2111146.0,2739366.0,2474428.0,1899658.0,1399847.0,992477.0,Spain
2021-04-12/2021-04-18,IT,81692.0,0.0,,,,55443101.0,26986652.0,28456449.0,4633566.0,5231560.0,5623413.0,6471216.0,8507701.0,8610615.0,6764526.0,5533564.0,4066940.0,Italy
2021-04-12/2021-04-18,US,352939.0,5179.0,2720.0,,77.97359487904967,341338766.0,167361582.0,172779253.0,42034674.0,43600405.0,47667343.0,45409648.0,42444067.0,45231261.0,38309532.0,22458802.0,12982024.0,United States of America
2021-04-19/2021-04-25,DE,102779.0,1368.0,,,,82786787.0,40126479.0,41172726.0,7401202.0,7586334.0,9513883.0,10265460.0,10205383.0,13258896.0,10159451.0,7543815.0,5313340.0,Germany
2021-04-19/2021-04-25,ES,26914.0,16.0,,,,19357122.0,8224314.0,8300422.0,1513858.0,1713301.0,1703871.0,2111146.0,2739366.0,2474428.0,1899658.0,1399847.0,992477.0,Spain
2021-04-19/2021-04-25,IT,73576.0,0.0,,,,55443101.0,26986652.0,28456449.0,4633566.0,5231560.0,5623413.0,6471216.0,8507701.0,8610615.0,6764526.0,5533564.0,4066940.0,Italy
2021-04-19/2021-04-25,US,292724.0,4109.0,1950.0,,77.97359487904967,341338766.0,167361582.0,172779253.0,42034674.0,43600405.0,47667343.0,45409648.0,42444067.0,45231261.0,38309532.0,22458802.0,12982024.0,United States of America
2021-04-26/2021-05-02,DE,85303.0,1099.0,,,,82786787.0,40126479.0,41172726.0,7401202.0,7586334.0,9513883.0,10265460.0,10205383.0,13258896.0,10159451.0,7543815.0,5313340.0,Germany
2021-04-26/2021-05-02,ES,26834.0,14.0,,,,19357122.0,8224314.0,8300422.0,1513858.0,1713301.0,1703871.0,2111146.0,2739366.0,2474428.0,1899658.0,1399847.0,992477.0,Spain
2021-04-26/2021-05-02,IT,64137.0,0.0,,,,55443101.0,26986652.0,28456449.0,4633566.0,5231560.0,5623413.0,6471216.0,8507701.0,8610615.0,6764526.0,5533564.0,4066940.0,Italy
2021-04-26/2021-05-02,US,236828.0,4140.0,1506.0,5869047.0,77.97359487904967,341338766.0,167361582.0,172779253.0,42034674.0,43600405.0,47667343.0,45409648.0,42444067.0,45231261.0,38309532.0,22458802.0,12982024.0,United States of America
2021-05-03/2021-05-09,DE,62419.0,827.0,,,,82786787.0,40126479.0,41172726.0,7401202.0,7586334.0,9513883.0,10265460.0,10205383.0,13258896.0,10159451.0,7543815.0,5313340.0,Germany
2021-05-03/2021-05-09,ES,23409.0,23.0,,,,19357122.0,8224314.0,8300422.0,1513858.0,1713301.0,1703871.0,2111146.0,2739366.0,2474428.0,1899658.0,1399847.0,992477.0,Spain
2021-05-03/2021-05-09,IT,50917.0,0.0,,,,55443101.0,26986652.0,28456449.0,4633566.0,5231560.0,5623413.0,6471216.0,8507701.0,8610615.0,6764526.0,5533564.0,4066940.0,Italy
2021-05-03/2021-05-09,US,185392.0,3810.0,1053.0,8655807.0,77.97359487904967,341338766.0,167361582.0,172779253.0,42034674.0,43600405.0,47667343.0,45409648.0,42444067.0,45231261.0,38309532.0,22458802.0,12982024.0,United States of America
2021-05-10/2021-05-16,DE,39732.0,538.0,,,,82786787.0,40126479.0,41172726.0,7401202.0,7586334.0,9513883.0,10265460.0,10205383.0,13258896.0,10159451.0,7543815.0,5313340.0,Germany
2021-05-10/2021-05-16,ES,16869.0,15.0,,,,19357122.0,8224314.0,8300422.0,1513858.0,1713301.0,1703871.0,2111146.0,2739366.0,2474428.0,1899658.0,1399847.0,992477.0,Spain
2021-05-10/2021-05-16,IT,34906.0,0.0,,,,55443101.0,26986652.0,28456449.0,4633566.0,5231560.0,5623413.0,6471216.0,8507701.0,8610615.0,6764526.0,5533564.0,4066940.0,Italy
2021-05-10/2021-05-16,US,144952.0,3180.0,826.0,7216140.0,77.97359487904967,341338766.0,167361582.0,172779253.0,42034674.0,43600405.0,47667343.0,45409648.0,42444067.0,45231261.0,38309532.0,22458802.0,12982024.0,United States of America
2021-05-17/2021-05-23,DE,24886.0,338.0,,,,82786787.0,40126479.0,41172726.0,7401202.0,7586334.0,9513883.0,10265460.0,10205383.0,13258896.0,10159451.0,7543815.0,5313340.0,Germany
2021-05-17/2021-05-23,ES,14271.0,10.0,,,,19357122.0,8224314.0,8300422.0,1513858.0,1713301.0,1703871.0,2111146.0,2739366.0,2474428.0,1899658.0,1399847.0,992477.0,Spain
2021-05-17/2021-05-23,IT,23184.0,0.0,,,,55443101.0,26986652.0,28456449.0,4633566.0,5231560.0,5623413.0,6471216.0,8507701.0,8610615.0,6764526.0,5533564.0,4066940.0,Italy
2021-05-17/2021-05-23,US,100881.0,2843.0,730.0,5351596.0,77.97359487904967,341338766.0,167361582.0,172779253.0,42034674.0,43600405.0,47667343.0,45409648.0,42444067.0,45231261.0,38309532.0,22458802.0,12982024.0,United States of America
2021-05-24/2021-05-30,DE,12209.0,207.0,,,,82786787.0,40126479.0,41172726.0,7401202.0,7586334.0,9513883.0,10265460.0,10205383.0,13258896.0,10159451.0,7543815.0,5313340.0,Germany
2021-05-24/2021-05-30,ES,12130.0,4.0,,,,19357122.0,8224314.0,8300422.0,1513858.0,1713301.0,1703871.0,2111146.0,2739366.0,2474428.0,1899658.0,1399847.0,992477.0,Spain
2021-05-24/2021-05-30,IT,15241.0,0.0,,,,55443101.0,26986652.0,28456449.0,4633566.0,5231560.0,5623413.0,6471216.0,8507701.0,8610615.0,6764526.0,5533564.0,4066940.0,Italy
2021-05-24/2021-05-30,US,80442.0,3367.0,469.0,3866025.0,77.97359487904967,341338766.0,167361582.0,172779253.0,42034674.0,43600405.0,47667343.0,45409648.0,42444067.0,45231261.0,38309532.0,22458802.0,12982024.0,United States of America
2021-05-31/2021-06-06,DE,7026.0,109.0,,,,82786787.0,40126479.0,41172726.0,7401202.0,7586334.0,9513883.0,10265460.0,10205383.0,13258896.0,10159451.0,7543815.0,5313340.0,Germany
2021-05-31/2021-06-06,ES,10616.0,11.0,,,,19357122.0,8224314.0,8300422.0,1513858.0,1713301.0,1703871.0,2111146.0,2739366.0,2474428.0,1899658.0,1399847.0,992477.0,Spain
2021-05-31/2021-06-06,IT,9817.0,0.0,,,,55443101.0,26986652.0,28456449.0,4633566.0,5231560.0,5623413.0,6471216.0,8507701.0,8610615.0,6764526.0,5533564.0,4066940.0,Italy
2021-05-31/2021-06-06,US,16942.0,2193.0,363.0,3020999.0,77.97359487904967,341338766.0,167361582.0,172779253.0,42034674.0,43600405.0,47667343.0,45409648.0,42444067.0,45231261.0,38309532.0,22458802.0,12982024.0,United States of America
2021-06-07/2021-06-13,DE,4117.0,56.0,,,,82786787.0,40126479.0,41172726.0,7401202.0,7586334.0,9513883.0,10265460.0,10205383.0,13258896.0,10159451.0,7543815.0,5313340.0,Germany
2021-06-07/2021-06-13,ES,8933.0,11.0,,,,19357122.0,8224314.0,8300422.0,1513858.0,1713301.0,1703871.0,2111146.0,2739366.0,2474428.0,1899658.0,1399847.0,992477.0,Spain
2021-06-07/2021-06-13,IT,6965.0,0.0,,,,55443101.0,26986652.0,28456449.0,4633566.0,5231560.0,5623413.0,6471216.0,8507701.0,8610615.0,6764526.0,5533564.0,4066940.0,Italy
2021-06-07/2021-06-13,US,59032.0,1338.0,343.0,3855355.0,77.97359487904967,341338766.0,167361582.0,172779253.0,42034674.0,43600405.0,47667343.0,45409648.0,42444067.0,45231261.0,38309532.0,22458802.0,12982024.0,United States of America
2021-06-14/2021-06-20,DE,1964.0,33.0,,,,82786787.0,40126479.0,41172726.0,7401202.0,7586334.0,9513883.0,10265460.0,10205383.0,13258896.0,10159451.0,7543815.0,5313340.0,Germany
2021-06-14/2021-06-20,ES,8482.0,10.0,,,,19357122.0,8224314.0,8300422.0,1513858.0,1713301.0,1703871.0,2111146.0,2739366.0,2474428.0,1899658.0,1399847.0,992477.0,Spain
2021-06-14/2021-06-20,IT,4191.0,0.0,,,,55443101.0,26986652.0,28456449.0,4633566.0,5231560.0,5623413.0,6471216.0,8507701.0,8610615.0,6764526.0,5533564.0,4066940.0,Italy
2021-06-14/2021-06-20,US,43474.0,1121.0,302.0,4371027.0,77.97359487904967,341338766.0,167361582.0,172779253.0,42034674.0,43600405.0,47667343.0,45409648.0,42444067.0,45231261.0,38309532.0,22458802.0,12982024.0,United States of America
2021-06-21/2021-06-27,DE,1222.0,25.0,,,,82786787.0,40126479.0,41172726.0,7401202.0,7586334.0,9513883.0,10265460.0,10205383.0,13258896.0,10159451.0,7543815.0,5313340.0,Germany
2021-06-21/2021-06-27,ES,10414.0,5.0,,,,19357122.0,8224314.0,8300422.0,1513858.0,1713301.0,1703871.0,2111146.0,2739366.0,2474428.0,1899658.0,1399847.0,992477.0,Spain
2021-06-21/2021-06-27,IT,2061.0,0.0,,,,55443101.0,26986652.0,28456449.0,4633566.0,5231560.0,5623413.0,6471216.0,8507701.0,8610615.0,6764526.0,5533564.0,4066940.0,Italy
2021-06-21/2021-06-27,US,50630.0,1258.0,290.0,2488523.0,77.97359487904967,341338766.0,167361582.0,172779253.0,42034674.0,43600405.0,47667343.0,45409648.0,42444067.0,45231261.0,38309532.0,22458802.0,12982024.0,United States of America
2021-06-28/2021-07-04,DE,1130.0,22.0,,,,82786787.0,40126479.0,41172726.0,7401202.0,7586334.0,9513883.0,10265460.0,10205383.0,13258896.0,10159451.0,7543815.0,5313340.0,Germany
2021-06-28/2021-07-04,ES,29885.0,8.0,,,,19357122.0,8224314.0,8300422.0,1513858.0,1713301.0,1703871.0,2111146.0,2739366.0,2474428.0,1899658.0,1399847.0,992477.0,Spain
2021-06-28/2021-07-04,IT,2444.0,0.0,,,,55443101.0,26986652.0,28456449.0,4633566.0,5231560.0,5623413.0,6471216.0,8507701.0,8610615.0,6764526.0,5533564.0,4066940.0,Italy
2021-06-28/2021-07-04,US,49972.0,804.0,329.0,3423726.0,77.97359487904967,341338766.0,167361582.0,172779253.0,42034674.0,43600405.0,47667343.0,45409648.0,42444067.0,45231261.0,38309532.0,22458802.0,12982024.0,United States of America
2021-07-05/2021-07-11,DE,1618.0,20.0,,,,82786787.0,40126479.0,41172726.0,7401202.0,7586334.0,9513883.0,10265460.0,10205383.0,13258896.0,10159451.0,7543815.0,5313340.0,Germany
2021-07-05/2021-07-11,ES,41850.0,6.0,,,,19357122.0,8224314.0,8300422.0,1513858.0,1713301.0,1703871.0,2111146.0,2739366.0,2474428.0,1899658.0,1399847.0,992477.0,Spain
2021-07-05/2021-07-11,IT,4244.0,0.0,,,,55443101.0,26986652.0,28456449.0,4633566.0,5231560.0,5623413.0,6471216.0,8507701.0,8610615.0,6764526.0,5533564.0,4066940.0,Italy
2021-07-05/2021-07-11,US,94746.0,1039.0,313.0,1377342.0,77.97359487904967,341338766.0,167361582.0,172779253.0,42034674.0,43600405.0,47667343.0,45409648.0,42444067.0,45231261.0,38309532.0,22458802.0,12982024.0,United States of America
2021-07-12/2021-07-18,DE,2867.0,27.0,,,,82786787.0,40126479.0,41172726.0,7401202.0,7586334.0,9513883.0,10265460.0,10205383.0,13258896.0,10159451.0,7543815.0,5313340.0,Germany
2021-07-12/2021-07-18,ES,67619.0,22.0,,,,19357122.0,8224314.0,8300422.0,1513858.0,1713301.0,1703871.0,2111146.0,2739366.0,2474428.0,1899658.0,1399847.0,992477.0,Spain
2021-07-12/2021-07-18,IT,10673.0,0.0,,,,55443101.0,26986652.0,28456449.0,4633566.0,5231560.0,5623413.0,6471216.0,8507701.0,8610615.0,6764526.0,5533564.0,4066940.0,Italy
2021-07-12/2021-07-18,US,162916.0,1149.0,460.0,1355396.0,77.97359487904967,341338766.0,167361582.0,172779253.0,42034674.0,43600405.0,47667343.0,45409648.0,42444067.0,45231261.0,38309532.0,22458802.0,12982024.0,United States of America
2021-07-19/2021-07-25,DE,4507.0,36.0,,,,82786787.0,40126479.0,41172726.0,7401202.0,7586334.0,9513883.0,10265460.0,10205383.0,13258896.0,10159451.0,7543815.0,5313340.0,Germany
2021-07-19/2021-07-25,ES,67725.0,18.0,,,,19357122.0,8224314.0,8300422.0,1513858.0,1713301.0,1703871.0,2111146.0,2739366.0,2474428.0,1899658.0,1399847.0,992477.0,Spain
2021-07-19/2021-07-25,IT,22129.0,0.0,,,,55443101.0,26986652.0,28456449.0,4633566.0,5231560.0,5623413.0,6471216.0,8507701.0,8610615.0,6764526.0,5533564.0,4066940.0,Italy
2021-07-19/2021-07-25,US,265397.0,1166.0,685.0,1224619.0,77.97359487904967,341338766.0,167361582.0,172779253.0,42034674.0,43600405.0,47667343.0,45409648.0,42444067.0,45231261.0,38309532.0,22458802.0,12982024.0,United States of America
2021-07-26/2021-08-01,DE,5710.0,63.0,,,,82786787.0,40126479.0,41172726.0,7401202.0,7586334.0,9513883.0,10265460.0,10205383.0,13258896.0,10159451.0,7543815.0,5313340.0,Germany
2021-07-26/2021-08-01,ES,65116.0,36.0,,,,19357122.0,8224314.0,8300422.0,1513858.0,1713301.0,1703871.0,2111146.0,2739366.0,2474428.0,1899658.0,1399847.0,992477.0,Spain
2021-07-26/2021-08-01,IT,28946.0,0.0,,,,55443101.0,26986652.0,28456449.0,4633566.0,5231560.0,5623413.0,6471216.0,8507701.0,8610615.0,6764526.0,5533564.0,4066940.0,Italy
2021-07-26/2021-08-01,US,421943.0,1777.0,962.0,1159583.0,77.97359487904967,341338766.0,167361582.0,172779253.0,42034674.0,43600405.0,47667343.0,45409648.0,42444067.0,45231261.0,38309532.0,22458802.0,12982024.0,United States of America
2021-08-02/2021-08-08,DE,8183.0,83.0,,,,82786787.0,40126479.0,41172726.0,7401202.0,7586334.0,9513883.0,10265460.0,10205383.0,13258896.0,10159451.0,7543815.0,5313340.0,Germany
2021-08-02/2021-08-08,ES,54929.0,52.0,,,,19357122.0,8224314.0,8300422.0,1513858.0,1713301.0,1703871.0,2111146.0,2739366.0,2474428.0,1899658.0,1399847.0,992477.0,Spain
2021-08-02/2021-08-08,IT,30779.0,0.0,,,,55443101.0,26986652.0,28456449.0,4633566.0,5231560.0,5623413.0,6471216.0,8507701.0,8610615.0,6764526.0,5533564.0,4066940.0,Italy
2021-08-02/2021-08-08,US,571151.0,2298.0,1301.0,1796788.0,77.97359487904967,341338766.0,167361582.0,172779253.0,42034674.0,43600405.0,47667343.0,45409648.0,42444067.0,45231261.0,38309532.0,22458802.0,12982024.0,United States of America
2021-08-09/2021-08-15,DE,15252.0,131.0,,,,82786787.0,40126479.0,41172726.0,7401202.0,7586334.0,9513883.0,10265460.0,10205383.0,13258896.0,10159451.0,7543815.0,5313340.0,Germany
2021-08-09/2021-08-15,ES,37739.0,58.0,,,,19357122.0,8224314.0,8300422.0,1513858.0,1713301.0,1703871.0,2111146.0,2739366.0,2474428.0,1899658.0,1399847.0,992477.0,Spain
2021-08-09/2021-08-15,IT,32260.0,0.0,,,,55443101.0,26986652.0,28456449.0,4633566.0,5231560.0,5623413.0,6471216.0,8507701.0,8610615.0,6764526.0,5533564.0,4066940.0,Italy
2021-08-09/2021-08-15,US,694841.0,2816.0,1720.0,1252773.0,77.97359487904967,341338766.0,167361582.0,172779253.0,42034674.0,43600405.0,47667343.0,45409648.0,42444067.0,45231261.0,38309532.0,22458802.0,12982024.0,United States of America
2021-08-16/2021-08-22,DE,27833.0,198.0,,,,82786787.0,40126479.0,41172726.0,7401202.0,7586334.0,9513883.0,10265460.0,10205383.0,13258896.0,10159451.0,7543815.0,5313340.0,Germany
2021-08-16/2021-08-22,ES,26998.0,49.0,,,,19357122.0,8224314.0,8300422.0,1513858.0,1713301.0,1703871.0,2111146.0,2739366.0,2474428.0,1899658.0,1399847.0,992477.0,Spain
2021-08-16/2021-08-22,IT,32330.0,0.0,,,,55443101.0,26986652.0,28456449.0,4633566.0,5231560.0,5623413.0,6471216.0,8507701.0,8610615.0,6764526.0,5533564.0,4066940.0,Italy
2021-08-16/2021-08-22,US,776903.0,4564.0,1626.0,1603025.0,77.97359487904967,341338766.0,167361582.0,172779253.0,42034674.0,43600405.0,47667343.0,45409648.0,42444067.0,45231261.0,38309532.0,22458802.0,12982024.0,United States of America
2021-08-23/2021-08-29,DE,39603.0,304.0,,,,82786787.0,40126479.0,41172726.0,7401202.0,7586334.0,9513883.0,10265460.0,10205383.0,13258896.0,10159451.0,7543815.0,5313340.0,Germany
2021-08-23/2021-08-29,ES,18373.0,43.0,,,,19357122.0,8224314.0,8300422.0,1513858.0,1713301.0,1703871.0,2111146.0,2739366.0,2474428.0,1899658.0,1399847.0,992477.0,Spain
2021-08-23/2021-08-29,IT,34740.0,0.0,,,,55443101.0,26986652.0,28456449.0,4633566.0,5231560.0,5623413.0,6471216.0,8507701.0,8610615.0,6764526.0,5533564.0,4066940.0,Italy
2021-08-23/2021-08-29,US,824148.0,6050.0,1482.0,1768620.0,77.97359487904967,341338766.0,167361582.0,172779253.0,42034674.0,43600405.0,47667343.0,45409648.0,42444067.0,45231261.0,38309532.0,22458802.0,12982024.0,United States of America
2021-08-30/2021-09-05,DE,43241.0,373.0,,,,82786787.0,40126479.0,41172726.0,7401202.0,7586334.0,9513883.0,10265460.0,10205383.0,13258896.0,10159451.0,7543815.0,5313340.0,Germany
2021-08-30/2021-09-05,ES,14795.0,34.0,,,,19357122.0,8224314.0,8300422.0,1513858.0,1713301.0,1703871.0,2111146.0,2739366.0,2474428.0,1899658.0,1399847.0,992477.0,Spain
2021-08-30/2021-09-05,IT,30164.0,0.0,,,,55443101.0,26986652.0,28456449.0,4633566.0,5231560.0,5623413.0,6471216.0,8507701.0,8610615.0,6764526.0,5533564.0,4066940.0,Italy
2021-08-30/2021-09-05,US,850278.0,7050.0,1422.0,1618026.0,77.97359487904967,341338766.0,167361582.0,172779253.0,42034674.0,43600405.0,47667343.0,45409648.0,42444067.0,45231261.0,38309532.0,22458802.0,12982024.0,United States of America
2021-09-06/2021-09-12,DE,40331.0,378.0,,,,82786787.0,40126479.0,41172726.0,7401202.0,7586334.0,9513883.0,10265460.0,10205383.0,13258896.0,10159451.0,7543815.0,5313340.0,Germany
2021-09-06/2021-09-12,ES,10501.0,15.0,,,,19357122.0,8224314.0,8300422.0,1513858.0,1713301.0,1703871.0,2111146.0,2739366.0,2474428.0,1899658.0,1399847.0,992477.0,Spain
2021-09-06/2021-09-12,IT,24009.0,0.0,,,,55443101.0,26986652.0,28456449.0,4633566.0,5231560.0,5623413.0,6471216.0,8507701.0,8610615.0,6764526.0,5533564.0,4066940.0,Italy
2021-09-06/2021-09-12,US,782024.0,7453.0,1322.0,1832901.0,77.97359487904967,341338766.0,167361582.0,172779253.0,42034674.0,43600405.0,47667343.0,45409648.0,42444067.0,45231261.0,38309532.0,22458802.0,12982024.0,United States of America
2021-09-13/2021-09-19,DE,31866.0,313.0,,,,82786787.0,40126479.0,41172726.0,7401202.0,7586334.0,9513883.0,10265460.0,10205383.0,13258896.0,10159451.0,7543815.0,5313340.0,Germany
2021-09-13/2021-09-19,ES,7091.0,29.0,,,,19357122.0,8224314.0,8300422.0,1513858.0,1713301.0,1703871.0,2111146.0,2739366.0,2474428.0,1899658.0,1399847.0,992477.0,Spain
2021-09-13/2021-09-19,IT,20577.0,0.0,,,,55443101.0,26986652.0,28456449.0,4633566.0,5231560.0,5623413.0,6471216.0,8507701.0,8610615.0,6764526.0,5533564.0,4066940.0,Italy
2021-09-13/2021-09-19,US,754241.0,22378.0,1221.0,1858612.0,77.97359487904967,341338766.0,167361582.0,172779253.0,42034674.0,43600405.0,47667343.0,45409648.0,42444067.0,45231261.0,38309532.0,22458802.0,12982024.0,United States of America
2021-09-20/2021-09-26,DE,27159.0,298.0,,,,82786787.0,40126479.0,41172726.0,7401202.0,7586334.0,9513883.0,10265460.0,10205383.0,13258896.0,10159451.0,7543815.0,5313340.0,Germany
2021-09-20/2021-09-26,ES,5621.0,19.0,,,,19357122.0,8224314.0,8300422.0,1513858.0,1713301.0,1703871.0,2111146.0,2739366.0,2474428.0,1899658.0,1399847.0,992477.0,Spain
2021-09-20/2021-09-26,IT,16356.0,0.0,,,,55443101.0,26986652.0,28456449.0,4633566.0,5231560.0,5623413.0,6471216.0,8507701.0,8610615.0,6764526.0,5533564.0,4066940.0,Italy
2021-09-20/2021-09-26,US,626251.0,11599.0,1157.0,3114064.0,77.97359487904967,341338766.0,167361582.0,172779253.0,42034674.0,43600405.0,47667343.0,45409648.0,42444067.0,45231261.0,38309532.0,22458802.0,12982024.0,United States of America
2021-09-27/2021-10-03,DE,27986.0,321.0,,,,82786787.0,40126479.0,41172726.0,7401202.0,7586334.0,9513883.0,10265460.0,10205383.0,13258896.0,10159451.0,7543815.0,5313340.0,Germany
2021-09-27/2021-10-03,ES,4549.0,9.0,,,,19357122.0,8224314.0,8300422.0,1513858.0,1713301.0,1703871.0,2111146.0,2739366.0,2474428.0,1899658.0,1399847.0,992477.0,Spain
2021-09-27/2021-10-03,IT,13999.0,0.0,,,,55443101.0,26986652.0,28456449.0,4633566.0,5231560.0,5623413.0,6471216.0,8507701.0,8610615.0,6764526.0,5533564.0,4066940.0,Italy
2021-09-27/2021-10-03,US,537045.0,10323.0,974.0,1183483.0,77.97359487904967,341338766.0,167361582.0,172779253.0,42034674.0,43600405.0,47667343.0,45409648.0,42444067.0,45231261.0,38309532.0,22458802.0,12982024.0,United States of America
2021-10-04/2021-10-10,DE,29601.0,401.0,,,,82786787.0,40126479.0,41172726.0,7401202.0,7586334.0,9513883.0,10265460.0,10205383.0,13258896.0,10159451.0,7543815.0,5313340.0,Germany
2021-10-04/2021-10-10,ES,3576.0,9.0,,,,19357122.0,8224314.0,8300422.0,1513858.0,1713301.0,1703871.0,2111146.0,2739366.0,2474428.0,1899658.0,1399847.0,992477.0,Spain
2021-10-04/2021-10-10,IT,11128.0,0.0,,,,55443101.0,26986652.0,28456449.0,4633566.0,5231560.0,5623413.0,6471216.0,8507701.0,8610615.0,6764526.0,5533564.0,4066940.0,Italy
2021-10-04/2021-10-10,US,472522.0,8466.0,835.0,1281743.0,77.97359487904967,341338766.0,167361582.0,172779253.0,42034674.0,43600405.0,47667343.0,45409648.0,42444067.0,45231261.0,38309532.0,22458802.0,12982024.0,United States of America
2021-10-11/2021-10-17,DE,34882.0,453.0,,,,82786787.0,40126479.0,41172726.0,7401202.0,7586334.0,9513883.0,10265460.0,10205383.0,13258896.0,10159451.0,7543815.0,5313340.0,Germany
2021-10-11/2021-10-17,ES,3252.0,5.0,,,,19357122.0,8224314.0,8300422.0,1513858.0,1713301.0,1703871.0,2111146.0,2739366.0,2474428.0,1899658.0,1399847.0,992477.0,Spain
2021-10-11/2021-10-17,IT,10763.0,0.0,,,,55443101.0,26986652.0,28456449.0,4633566.0,5231560.0,5623413.0,6471216.0,8507701.0,8610615.0,6764526.0,5533564.0,4066940.0,Italy
2021-10-11/2021-10-17,US,406301.0,8524.0,774.0,1300581.0,77.97359487904967,341338766.0,167361582.0,172779253.0,42034674.0,43600405.0,47667343.0,45409648.0,42444067.0,45231261.0,38309532.0,22458802.0,12982024.0,United States of America
2021-10-18/2021-10-24,DE,62367.0,866.0,,,,82786787.0,40126479.0,41172726.0,7401202.0,7586334.0,9513883.0,10265460.0,10205383.0,13258896.0,10159451.0,7543815.0,5313340.0,Germany
2021-10-18/2021-10-24,ES,3579.0,12.0,,,,19357122.0,8224314.0,8300422.0,1513858.0,1713301.0,1703871.0,2111146.0,2739366.0,2474428.0,1899658.0,1399847.0,992477.0,Spain
2021-10-18/2021-10-24,IT,14904.0,0.0,,,,55443101.0,26986652.0,28456449.0,4633566.0,5231560.0,5623413.0,6471216.0,8507701.0,8610615.0,6764526.0,5533564.0,4066940.0,Italy
2021-10-18/2021-10-24,US,330648.0,8858.0,659.0,16347197.0,77.97359487904967,341338766.0,167361582.0,172779253.0,42034674.0,43600405.0,47667343.0,45409648.0,42444067.0,45231261.0,38309532.0,22458802.0,12982024.0,United States of America
2021-10-25/2021-10-31,DE,94147.0,1091.0,,,,82786787.0,40126479.0,41172726.0,7401202.0,7586334.0,9513883.0,10265460.0,10205383.0,13258896.0,10159451.0,7543815.0,5313340.0,Germany
2021-10-25/2021-10-31,ES,4355.0,4.0,,,,19357122.0,8224314.0,8300422.0,1513858.0,1713301.0,1703871.0,2111146.0,2739366.0,2474428.0,1899658.0,1399847.0,992477.0,Spain
2021-10-25/2021-10-31,IT,20150.0,0.0,,,,55443101.0,26986652.0,28456449.0,4633566.0,5231560.0,5623413.0,6471216.0,8507701.0,8610615.0,6764526.0,5533564.0,4066940.0,Italy
2021-10-25/2021-10-31,US,364525.0,7658.0,480.0,1538471.0,77.97359487904967,341338766.0,167361582.0,172779253.0,42034674.0,43600405.0,47667343.0,45409648.0,42444067.0,45231261.0,38309532.0,22458802.0,12982024.0,United States of America
2021-11-01/2021-11-07,DE,136215.0,1460.0,,,,82786787.0,40126479.0,41172726.0,7401202.0,7586334.0,9513883.0,10265460.0,10205383.0,13258896.0,10159451.0,7543815.0,5313340.0,Germany
2021-11-01/2021-11-07,ES,5054.0,13.0,,,,19357122.0,8224314.0,8300422.0,1513858.0,1713301.0,1703871.0,2111146.0,2739366.0,2474428.0,1899658.0,1399847.0,992477.0,Spain
2021-11-01/2021-11-07,IT,24903.0,0.0,,,,55443101.0,26986652.0,28456449.0,4633566.0,5231560.0,5623413.0,6471216.0,8507701.0,8610615.0,6764526.0,5533564.0,4066940.0,Italy
2021-11-01/2021-11-07,US,357516.0,5595.0,585.0,900041.0,77.97359487904967,341338766.0,167361582.0,172779253.0,42034674.0,43600405.0,47667343.0,45409648.0,42444067.0,45231261.0,38309532.0,22458802.0,12982024.0,United States of America
2021-11-08/2021-11-14,DE,224827.0,2040.0,,,,82786787.0,40126479.0,41172726.0,7401202.0,7586334.0,9513883.0,10265460.0,10205383.0,13258896.0,10159451.0,7543815.0,5313340.0,Germany
2021-11-08/2021-11-14,ES,4609.0,20.0,,,,19357122.0,8224314.0,8300422.0,1513858.0,1713301.0,1703871.0,2111146.0,2739366.0,2474428.0,1899658.0,1399847.0,992477.0,Spain
2021-11-08/2021-11-14,IT,38522.0,0.0,,,,55443101.0,26986652.0,28456449.0,4633566.0,5231560.0,5623413.0,6471216.0,8507701.0,8610615.0,6764526.0,5533564.0,4066940.0,Italy
2021-11-08/2021-11-14,US,418179.0,6504.0,590.0,903408.0,77.97359487904967,341338766.0,167361582.0,172779253.0,42034674.0,43600405.0,47667343.0,45409648.0,42444067.0,45231261.0,38309532.0,22458802.0,12982024.0,United States of America
2021-11-15/2021-11-21,DE,304680.0,2438.0,,,,82786787.0,40126479.0,41172726.0,7401202.0,7586334.0,9513883.0,10265460.0,10205383.0,13258896.0,10159451.0,7543815.0,5313340.0,Germany
2021-11-15/2021-11-21,ES,13953.0,21.0,,,,19357122.0,8224314.0,8300422.0,1513858.0,1713301.0,1703871.0,2111146.0,2739366.0,2474428.0,1899658.0,1399847.0,992477.0,Spain
2021-11-15/2021-11-21,IT,50624.0,0.0,,,,55443101.0,26986652.0,28456449.0,4633566.0,5231560.0,5623413.0,6471216.0,8507701.0,8610615.0,6764526.0,5533564.0,4066940.0,Italy
2021-11-15/2021-11-21,US,476904.0,8233.0,680.0,728884.0,77.97359487904967,341338766.0,167361582.0,172779253.0,42034674.0,43600405.0,47667343.0,45409648.0,42444067.0,45231261.0,38309532.0,22458802.0,12982024.0,United States of America
2021-11-22/2021-11-28,DE,355268.0,2775.0,,,,82786787.0,40126479.0,41172726.0,7401202.0,7586334.0,9513883.0,10265460.0,10205383.0,13258896.0,10159451.0,7543815.0,5313340.0,Germany
2021-11-22/2021-11-28,ES,14930.0,14.0,,,,19357122.0,8224314.0,8300422.0,1513858.0,1713301.0,1703871.0,2111146.0,2739366.0,2474428.0,1899658.0,1399847.0,992477.0,Spain
2021-11-22/2021-11-28,IT,64353.0,0.0,,,,55443101.0,26986652.0,28456449.0,4633566.0,5231560.0,5623413.0,6471216.0,8507701.0,8610615.0,6764526.0,5533564.0,4066940.0,Italy
2021-11-22/2021-11-28,US,389786.0,4390.0,892.0,-116422.0,77.97359487904967,341338766.0,167361582.0,172779253.0,42034674.0,43600405.0,47667343.0,45409648.0,42444067.0,45231261.0,38309532.0,22458802.0,12982024.0,United States of America
2021-11-29/2021-12-05,DE,335709.0,2561.0,,,,82786787.0,40126479.0,41172726.0,7401202.0,7586334.0,9513883.0,10265460.0,10205383.0,13258896.0,10159451.0,7543815.0,5313340.0,Germany
2021-11-29/2021-12-05,ES,21411.0,26.0,,,,19357122.0,8224314.0,8300422.0,1513858.0,1713301.0,1703871.0,2111146.0,2739366.0,2474428.0,1899658.0,1399847.0,992477.0,Spain
2021-11-29/2021-12-05,IT,82008.0,0.0,,,,55443101.0,26986652.0,28456449.0,4633566.0,5231560.0,5623413.0,6471216.0,8507701.0,8610615.0,6764526.0,5533564.0,4066940.0,Italy
2021-11-29/2021-12-05,US,641960.0,6943.0,1285.0,2230760.0,77.97359487904967,341338766.0,167361582.0,172779253.0,42034674.0,43600405.0,47667343.0,45409648.0,42444067.0,45231261.0,38309532.0,22458802.0,12982024.0,United States of America
2021-12-06/2021-12-12,DE,289733.0,2186.0,,,,82786787.0,40126479.0,41172726.0,7401202.0,7586334.0,9513883.0,10265460.0,10205383.0,13258896.0,10159451.0,7543815.0,5313340.0,Germany
2021-12-06/2021-12-12,ES,27331.0,28.0,,,,19357122.0,8224314.0,8300422.0,1513858.0,1713301.0,1703871.0,2111146.0,2739366.0,2474428.0,1899658.0,1399847.0,992477.0,Spain
2021-12-06/2021-12-12,IT,96690.0,0.0,,,,55443101.0,26986652.0,28456449.0,4633566.0,5231560.0,5623413.0,6471216.0,8507701.0,8610615.0,6764526.0,5533564.0,4066940.0,Italy
2021-12-06/2021-12-12,US,652381.0,7324.0,2032.0,2547325.0,77.97359487904967,341338766.0,167361582.0,172779253.0,42034674.0,43600405.0,47667343.0,45409648.0,42444067.0,45231261.0,38309532.0,22458802.0,12982024.0,United States of America
2021-12-13/2021-12-19,DE,224200.0,1698.0,,,,82786787.0,40126479.0,41172726.0,7401202.0,7586334.0,9513883.0,10265460.0,10205383.0,13258896.0,10159451.0,7543815.0,5313340.0,Germany
2021-12-13/2021-12-19,ES,59498.0,48.0,,,,19357122.0,8224314.0,8300422.0,1513858.0,1713301.0,1703871.0,2111146.0,2739366.0,2474428.0,1899658.0,1399847.0,992477.0,Spain
2021-12-13/2021-12-19,IT,141090.0,0.0,,,,55443101.0,26986652.0,28456449.0,4633566.0,5231560.0,5623413.0,6471216.0,8507701.0,8610615.0,6764526.0,5533564.0,4066940.0,Italy
2021-12-13/2021-12-19,US,842253.0,7565.0,3884.0,1448651.0,77.97359487904967,341338766.0,167361582.0,172779253.0,42034674.0,43600405.0,47667343.0,45409648.0,42444067.0,45231261.0,38309532.0,22458802.0,12982024.0,United States of America
2021-12-20/2021-12-26,DE,148010.0,1080.0,,,,82786787.0,40126479.0,41172726.0,7401202.0,7586334.0,9513883.0,10265460.0,10205383.0,13258896.0,10159451.0,7543815.0,5313340.0,Germany
2021-12-20/2021-12-26,ES,160404.0,50.0,,,,19357122.0,8224314.0,8300422.0,1513858.0,1713301.0,1703871.0,2111146.0,2739366.0,2474428.0,1899658.0,1399847.0,992477.0,Spain
2021-12-20/2021-12-26,IT,222289.0,0.0,,,,55443101.0,26986652.0,28456449.0,4633566.0,5231560.0,5623413.0,6471216.0,8507701.0,8610615.0,6764526.0,5533564.0,4066940.0,Italy
2021-12-20/2021-12-26,US,1405134.0,8713.0,8318.0,841377.0,77.97359487904967,341338766.0,167361582.0,172779253.0,42034674.0,43600405.0,47667343.0,45409648.0,42444067.0,45231261.0,38309532.0,22458802.0,12982024.0,United States of America
2021-12-27/2022-01-02,DE,154675.0,799.0,,,,82786787.0,40126479.0,41172726.0,7401202.0,7586334.0,9513883.0,10265460.0,10205383.0,13258896.0,10159451.0,7543815.0,5313340.0,Germany
2021-12-27/2022-01-02,ES,292930.0,68.0,,,,19357122.0,8224314.0,8300422.0,1513858.0,1713301.0,1703871.0,2111146.0,2739366.0,2474428.0,1899658.0,1399847.0,992477.0,Spain
2021-12-27/2022-01-02,IT,601060.0,0.0,,,,55443101.0,26986652.0,28456449.0,4633566.0,5231560.0,5623413.0,6471216.0,8507701.0,8610615.0,6764526.0,5533564.0,4066940.0,Italy
2021-12-27/2022-01-02,US,3024038.0,8469.0,13854.0,806569.0,77.97359487904967,341338766.0,167361582.0,172779253.0,42034674.0,43600405.0,47667343.0,45409648.0,42444067.0,45231261.0,38309532.0,22458802.0,12982024.0,United States of America
2022-01-03/2022-01-09,DE,269330.0,700.0,,,,82786787.0,40126479.0,41172726.0,7401202.0,7586334.0,9513883.0,10265460.0,10205383.0,13258896.0,10159451.0,7543815.0,5313340.0,Germany
2022-01-03/2022-01-09,ES,310101.0,116.0,,,,19357122.0,8224314.0,8300422.0,1513858.0,1713301.0,1703871.0,2111146.0,2739366.0,2474428.0,1899658.0,1399847.0,992477.0,Spain
2022-01-03/2022-01-09,IT,991954.0,0.0,,,,55443101.0,26986652.0,28456449.0,4633566.0,5231560.0,5623413.0,6471216.0,8507701.0,8610615.0,6764526.0,5533564.0,4066940.0,Italy
2022-01-03/2022-01-09,US,4873685.0,11267.0,13246.0,1429153.0,77.97359487904967,341338766.0,167361582.0,172779253.0,42034674.0,43600405.0,47667343.0,45409648.0,42444067.0,45231261.0,38309532.0,22458802.0,12982024.0,United States of America
2022-01-10/2022-01-16,DE,401787.0,522.0,,,,82786787.0,40126479.0,41172726.0,7401202.0,7586334.0,9513883.0,10265460.0,10205383.0,13258896.0,10159451.0,7543815.0,5313340.0,Germany
2022-01-10/2022-01-16,ES,332788.0,44.0,,,,19357122.0,8224314.0,8300422.0,1513858.0,1713301.0,1703871.0,2111146.0,2739366.0,2474428.0,1899658.0,1399847.0,992477.0,Spain
2022-01-10/2022-01-16,IT,1103907.0,0.0,,,,55443101.0,26986652.0,28456449.0,4633566.0,5231560.0,5623413.0,6471216.0,8507701.0,8610615.0,6764526.0,5533564.0,4066940.0,Italy
2022-01-10/2022-01-16,US,5153090.0,13292.0,9822.0,892666.0,77.97359487904967,341338766.0,167361582.0,172779253.0,42034674.0,43600405.0,47667343.0,45409648.0,42444067.0,45231261.0,38309532.0,22458802.0,12982024.0,United States of America
2022-01-17/2022-01-23,DE,697131.0,556.0,,,,82786787.0,40126479.0,41172726.0,7401202.0,7586334.0,9513883.0,10265460.0,10205383.0,13258896.0,10159451.0,7543815.0,5313340.0,Germany
2022-01-17/2022-01-23,ES,346739.0,0.0,,,,19357122.0,8224314.0,8300422.0,1513858.0,1713301.0,1703871.0,2111146.0,2739366.0,2474428.0,1899658.0,1399847.0,992477.0,Spain
2022-01-17/2022-01-23,IT,1087087.0,0.0,,,,55443101.0,26986652.0,28456449.0,4633566.0,5231560.0,5623413.0,6471216.0,8507701.0,8610615.0,6764526.0,5533564.0,4066940.0,Italy
2022-01-17/2022-01-23,US,4259082.0,14374.0,5867.0,3774159.0,77.97359487904967,341338766.0,167361582.0,172779253.0,42034674.0,43600405.0,47667343.0,45409648.0,42444067.0,45231261.0,38309532.0,22458802.0,12982024.0,United States of America
2022-01-24/2022-01-30,DE,993045.0,557.0,,,,82786787.0,40126479.0,41172726.0,7401202.0,7586334.0,9513883.0,10265460.0,10205383.0,13258896.0,10159451.0,7543815.0,5313340.0,Germany
2022-01-24/2022-01-30,ES,210417.0,0.0,,,,19357122.0,8224314.0,8300422.0,1513858.0,1713301.0,1703871.0,2111146.0,2739366.0,2474428.0,1899658.0,1399847.0,992477.0,Spain
2022-01-24/2022-01-30,IT,895268.0,0.0,,,,55443101.0,26986652.0,28456449.0,4633566.0,5231560.0,5623413.0,6471216.0,8507701.0,8610615.0,6764526.0,5533564.0,4066940.0,Italy
2022-01-24/2022-01-30,US,3088355.0,16214.0,3552.0,1035164.0,77.97359487904967,341338766.0,167361582.0,172779253.0,42034674.0,43600405.0,47667343.0,45409648.0,42444067.0,45231261.0,38309532.0,22458802.0,12982024.0,United States of America
2022-01-31/2022-02-06,DE,1148515.0,488.0,,,,82786787.0,40126479.0,41172726.0,7401202.0,7586334.0,9513883.0,10265460.0,10205383.0,13258896.0,10159451.0,7543815.0,5313340.0,Germany
2022-01-31/2022-02-06,ES,120106.0,0.0,,,,19357122.0,8224314.0,8300422.0,1513858.0,1713301.0,1703871.0,2111146.0,2739366.0,2474428.0,1899658.0,1399847.0,992477.0,Spain
2022-01-31/2022-02-06,IT,622763.0,0.0,,,,55443101.0,26986652.0,28456449.0,4633566.0,5231560.0,5623413.0,6471216.0,8507701.0,8610615.0,6764526.0,5533564.0,4066940.0,Italy
2022-01-31/2022-02-06,US,1675716.0,15863.0,2083.0,822414.0,77.97359487904967,341338766.0,167361582.0,172779253.0,42034674.0,43600405.0,47667343.0,45409648.0,42444067.0,45231261.0,38309532.0,22458802.0,12982024.0,United States of America
2022-02-07/2022-02-13,DE,1120964.0,234.0,,,,82786787.0,40126479.0,41172726.0,7401202.0,7586334.0,9513883.0,10265460.0,10205383.0,13258896.0,10159451.0,7543815.0,5313340.0,Germany
2022-02-07/2022-02-13,ES,90105.0,0.0,,,,19357122.0,8224314.0,8300422.0,1513858.0,1713301.0,1703871.0,2111146.0,2739366.0,2474428.0,1899658.0,1399847.0,992477.0,Spain
2022-02-07/2022-02-13,IT,429434.0,0.0,,,,55443101.0,26986652.0,28456449.0,4633566.0,5231560.0,5623413.0,6471216.0,8507701.0,8610615.0,6764526.0,5533564.0,4066940.0,Italy
2022-02-07/2022-02-13,US,1035591.0,14791.0,1327.0,727898.0,77.97359487904967,341338766.0,167361582.0,172779253.0,42034674.0,43600405.0,47667343.0,45409648.0,42444067.0,45231261.0,38309532.0,22458802.0,12982024.0,United States of America
2022-02-14/2022-02-20,DE,89239.0,9.0,,,,82786787.0,40126479.0,41172726.0,7401202.0,7586334.0,9513883.0,10265460.0,10205383.0,13258896.0,10159451.0,7543815.0,5313340.0,Germany
2022-02-14/2022-02-20,ES,41763.0,0.0,,,,19357122.0,8224314.0,8300422.0,1513858.0,1713301.0,1703871.0,2111146.0,2739366.0,2474428.0,1899658.0,1399847.0,992477.0,Spain
2022-02-14/2022-02-20,IT,317560.0,0.0,,,,55443101.0,26986652.0,28456449.0,4633566.0,5231560.0,5623413.0,6471216.0,8507701.0,8610615.0,6764526.0,5533564.0,4066940.0,Italy
2022-02-14/2022-02-20,US,565952.0,11791.0,902.0,643882.0,77.97359487904967,341338766.0,167361582.0,172779253.0,42034674.0,43600405.0,47667343.0,45409648.0,42444067.0,45231261.0,38309532.0,22458802.0,12982024.0,United States of America
2022-02-21/2022-02-27,ES,35305.0,0.0,,,,19357122.0,8224314.0,8300422.0,1513858.0,1713301.0,1703871.0,2111146.0,2739366.0,2474428.0,1899658.0,1399847.0,992477.0,Spain
2022-02-21/2022-02-27,IT,257196.0,0.0,,,,55443101.0,26986652.0,28456449.0,4633566.0,5231560.0,5623413.0,6471216.0,8507701.0,8610615.0,6764526.0,5533564.0,4066940.0,Italy
2022-02-21/2022-02-27,US,373300.0,11059.0,553.0,507022.0,77.97359487904967,341338766.0,167361582.0,172779253.0,42034674.0,43600405.0,47667343.0,45409648.0,42444067.0,45231261.0,38309532.0,22458802.0,12982024.0,United States of America
2022-02-28/2022-03-06,ES,29656.0,0.0,,,,19357122.0,8224314.0,8300422.0,1513858.0,1713301.0,1703871.0,2111146.0,2739366.0,2474428.0,1899658.0,1399847.0,992477.0,Spain
2022-02-28/2022-03-06,IT,229675.0,0.0,,,,55443101.0,26986652.0,28456449.0,4633566.0,5231560.0,5623413.0,6471216.0,8507701.0,8610615.0,6764526.0,5533564.0,4066940.0,Italy
2022-02-28/2022-03-06,US,251665.0,7288.0,500.0,510674.0,77.97359487904967,341338766.0,167361582.0,172779253.0,42034674.0,43600405.0,47667343.0,45409648.0,42444067.0,45231261.0,38309532.0,22458802.0,12982024.0,United States of America
2022-03-07/2022-03-13,ES,26921.0,0.0,,,,19357122.0,8224314.0,8300422.0,1513858.0,1713301.0,1703871.0,2111146.0,2739366.0,2474428.0,1899658.0,1399847.0,992477.0,Spain
2022-03-07/2022-03-13,IT,305998.0,0.0,,,,55443101.0,26986652.0,28456449.0,4633566.0,5231560.0,5623413.0,6471216.0,8507701.0,8610615.0,6764526.0,5533564.0,4066940.0,Italy
2022-03-07/2022-03-13,US,185104.0,6540.0,309.0,259993.0,77.97359487904967,341338766.0,167361582.0,172779253.0,42034674.0,43600405.0,47667343.0,45409648.0,42444067.0,45231261.0,38309532.0,22458802.0,12982024.0,United States of America
2022-03-14/2022-03-20,ES,22130.0,0.0,,,,19357122.0,8224314.0,8300422.0,1513858.0,1713301.0,1703871.0,2111146.0,2739366.0,2474428.0,1899658.0,1399847.0,992477.0,Spain
2022-03-14/2022-03-20,IT,442006.0,0.0,,,,55443101.0,26986652.0,28456449.0,4633566.0,5231560.0,5623413.0,6471216.0,8507701.0,8610615.0,6764526.0,5533564.0,4066940.0,Italy
2022-03-14/2022-03-20,US,166231.0,1617.0,372.0,331610.0,77.97359487904967,341338766.0,167361582.0,172779253.0,42034674.0,43600405.0,47667343.0,45409648.0,42444067.0,45231261.0,38309532.0,22458802.0,12982024.0,United States of America
2022-03-21/2022-03-27,ES,19697.0,0.0,,,,19357122.0,8224314.0,8300422.0,1513858.0,1713301.0,1703871.0,2111146.0,2739366.0,2474428.0,1899658.0,1399847.0,992477.0,Spain
2022-03-21/2022-03-27,IT,450904.0,0.0,,,,55443101.0,26986652.0,28456449.0,4633566.0,5231560.0,5623413.0,6471216.0,8507701.0,8610615.0,6764526.0,5533564.0,4066940.0,Italy
2022-03-21/2022-03-27,US,170691.0,4112.0,345.0,251093.0,77.97359487904967,341338766.0,167361582.0,172779253.0,42034674.0,43600405.0,47667343.0,45409648.0,42444067.0,45231261.0,38309532.0,22458802.0,12982024.0,United States of America
2022-03-28/2022-04-03,ES,14351.0,0.0,,,,19357122.0,8224314.0,8300422.0,1513858.0,1713301.0,1703871.0,2111146.0,2739366.0,2474428.0,1899658.0,1399847.0,992477.0,Spain
2022-03-28/2022-04-03,IT,440245.0,0.0,,,,55443101.0,26986652.0,28456449.0,4633566.0,5231560.0,5623413.0,6471216.0,8507701.0,8610615.0,6764526.0,5533564.0,4066940.0,Italy
2022-03-28/2022-04-03,US,161254.0,3217.0,422.0,259265.0,77.97359487904967,341338766.0,167361582.0,172779253.0,42034674.0,43600405.0,47667343.0,45409648.0,42444067.0,45231261.0,38309532.0,22458802.0,12982024.0,United States of America
2022-04-04/2022-04-10,ES,4849.0,0.0,,,,19357122.0,8224314.0,8300422.0,1513858.0,1713301.0,1703871.0,2111146.0,2739366.0,2474428.0,1899658.0,1399847.0,992477.0,Spain
2022-04-04/2022-04-10,IT,397256.0,0.0,,,,55443101.0,26986652.0,28456449.0,4633566.0,5231560.0,5623413.0,6471216.0,8507701.0,8610615.0,6764526.0,5533564.0,4066940.0,Italy
2022-04-04/2022-04-10,US,201855.0,2591.0,602.0,367183.0,77.97359487904967,341338766.0,167361582.0,172779253.0,42034674.0,43600405.0,47667343.0,45409648.0,42444067.0,45231261.0,38309532.0,22458802.0,12982024.0,United States of America
2022-04-11/2022-04-17,ES,4481.0,0.0,,,,19357122.0,8224314.0,8300422.0,1513858.0,1713301.0,1703871.0,2111146.0,2739366.0,2474428.0,1899658.0,1399847.0,992477.0,Spain
2022-04-11/2022-04-17,IT,376196.0,0.0,,,,55443101.0,26986652.0,28456449.0,4633566.0,5231560.0,5623413.0,6471216.0,8507701.0,8610615.0,6764526.0,5533564.0,4066940.0,Italy
2022-04-11/2022-04-17,US,208431.0,2785.0,669.0,359679.0,77.97359487904967,341338766.0,167361582.0,172779253.0,42034674.0,43600405.0,47667343.0,45409648.0,42444067.0,45231261.0,38309532.0,22458802.0,12982024.0,United States of America
2022-04-18/2022-04-24,ES,5790.0,0.0,,,,19357122.0,8224314.0,8300422.0,1513858.0,1713301.0,1703871.0,2111146.0,2739366.0,2474428.0,1899658.0,1399847.0,992477.0,Spain
2022-04-18/2022-04-24,IT,376972.0,0.0,,,,55443101.0,26986652.0,28456449.0,4633566.0,5231560.0,5623413.0,6471216.0,8507701.0,8610615.0,6764526.0,5533564.0,4066940.0,Italy
2022-04-18/2022-04-24,US,300438.0,2082.0,809.0,269846.0,77.97359487904967,341338766.0,167361582.0,172779253.0,42034674.0,43600405.0,47667343.0,45409648.0,42444067.0,45231261.0,38309532.0,22458802.0,12982024.0,United States of America
2022-04-25/2022-05-01,ES,7037.0,0.0,,,,19357122.0,8224314.0,8300422.0,1513858.0,1713301.0,1703871.0,2111146.0,2739366.0,2474428.0,1899658.0,1399847.0,992477.0,Spain
2022-04-25/2022-05-01,IT,327485.0,0.0,,,,55443101.0,26986652.0,28456449.0,4633566.0,5231560.0,5623413.0,6471216.0,8507701.0,8610615.0,6764526.0,5533564.0,4066940.0,Italy
2022-04-25/2022-05-01,US,330063.0,1897.0,1022.0,246701.0,77.97359487904967,341338766.0,167361582.0,172779253.0,42034674.0,43600405.0,47667343.0,45409648.0,42444067.0,45231261.0,38309532.0,22458802.0,12982024.0,United States of America
2022-05-02/2022-05-08,ES,8575.0,0.0,,,,19357122.0,8224314.0,8300422.0,1513858.0,1713301.0,1703871.0,2111146.0,2739366.0,2474428.0,1899658.0,1399847.0,992477.0,Spain
2022-05-02/2022-05-08,IT,257580.0,0.0,,,,55443101.0,26986652.0,28456449.0,4633566.0,5231560.0,5623413.0,6471216.0,8507701.0,8610615.0,6764526.0,5533564.0,4066940.0,Italy
2022-05-02/2022-05-08,US,464752.0,3685.0,1124.0,265365.0,77.97359487904967,341338766.0,167361582.0,172779253.0,42034674.0,43600405.0,47667343.0,45409648.0,42444067.0,45231261.0,38309532.0,22458802.0,12982024.0,United States of America
2022-05-09/2022-05-15,ES,9015.0,0.0,,,,19357122.0,8224314.0,8300422.0,1513858.0,1713301.0,1703871.0,2111146.0,2739366.0,2474428.0,1899658.0,1399847.0,992477.0,Spain
2022-05-09/2022-05-15,IT,225943.0,0.0,,,,55443101.0,26986652.0,28456449.0,4633566.0,5231560.0,5623413.0,6471216.0,8507701.0,8610615.0,6764526.0,5533564.0,4066940.0,Italy
2022-05-09/2022-05-15,US,487021.0,1722.0,1432.0,323615.0,77.97359487904967,341338766.0,167361582.0,172779253.0,42034674.0,43600405.0,47667343.0,45409648.0,42444067.0,45231261.0,38309532.0,22458802.0,12982024.0,United States of America
2022-05-16/2022-05-22,ES,8454.0,0.0,,,,19357122.0,8224314.0,8300422.0,1513858.0,1713301.0,1703871.0,2111146.0,2739366.0,2474428.0,1899658.0,1399847.0,992477.0,Spain
2022-05-16/2022-05-22,IT,162749.0,0.0,,,,55443101.0,26986652.0,28456449.0,4633566.0,5231560.0,5623413.0,6471216.0,8507701.0,8610615.0,6764526.0,5533564.0,4066940.0,Italy
2022-05-16/2022-05-22,US,150698.0,375.0,1487.0,148231.0,77.97359487904967,341338766.0,167361582.0,172779253.0,42034674.0,43600405.0,47667343.0,45409648.0,42444067.0,45231261.0,38309532.0,22458802.0,12982024.0,United States of America
2022-05-23/2022-05-29,ES,6530.0,0.0,,,,19357122.0,8224314.0,8300422.0,1513858.0,1713301.0,1703871.0,2111146.0,2739366.0,2474428.0,1899658.0,1399847.0,992477.0,Spain
2022-05-23/2022-05-29,IT,116741.0,0.0,,,,55443101.0,26986652.0,28456449.0,4633566.0,5231560.0,5623413.0,6471216.0,8507701.0,8610615.0,6764526.0,5533564.0,4066940.0,Italy
2022-05-23/2022-05-29,US,154143.0,368.0,1504.0,172130.0,77.97359487904967,341338766.0,167361582.0,172779253.0,42034674.0,43600405.0,47667343.0,45409648.0,42444067.0,45231261.0,38309532.0,22458802.0,12982024.0,United States of America
2022-05-30/2022-06-05,ES,6987.0,0.0,,,,19357122.0,8224314.0,8300422.0,1513858.0,1713301.0,1703871.0,2111146.0,2739366.0,2474428.0,1899658.0,1399847.0,992477.0,Spain
2022-05-30/2022-06-05,IT,97907.0,0.0,,,,55443101.0,26986652.0,28456449.0,4633566.0,5231560.0,5623413.0,6471216.0,8507701.0,8610615.0,6764526.0,5533564.0,4066940.0,Italy
2022-05-30/2022-06-05,US,141797.0,329.0,1339.0,193353.0,77.97359487904967,341338766.0,167361582.0,172779253.0,42034674.0,43600405.0,47667343.0,45409648.0,42444067.0,45231261.0,38309532.0,22458802.0,12982024.0,United States of America
2022-06-06/2022-06-12,ES,7830.0,0.0,,,,19357122.0,8224314.0,8300422.0,1513858.0,1713301.0,1703871.0,2111146.0,2739366.0,2474428.0,1899658.0,1399847.0,992477.0,Spain
2022-06-06/2022-06-12,IT,127202.0,0.0,,,,55443101.0,26986652.0,28456449.0,4633566.0,5231560.0,5623413.0,6471216.0,8507701.0,8610615.0,6764526.0,5533564.0,4066940.0,Italy
2022-06-06/2022-06-12,US,160409.0,358.0,1448.0,112905.0,77.97359487904967,341338766.0,167361582.0,172779253.0,42034674.0,43600405.0,47667343.0,45409648.0,42444067.0,45231261.0,38309532.0,22458802.0,12982024.0,United States of America
2022-06-13/2022-06-19,ES,10341.0,0.0,,,,19357122.0,8224314.0,8300422.0,1513858.0,1713301.0,1703871.0,2111146.0,2739366.0,2474428.0,1899658.0,1399847.0,992477.0,Spain
2022-06-13/2022-06-19,IT,196348.0,0.0,,,,55443101.0,26986652.0,28456449.0,4633566.0,5231560.0,5623413.0,6471216.0,8507701.0,8610615.0,6764526.0,5533564.0,4066940.0,Italy
2022-06-13/2022-06-19,US,137695.0,320.0,1545.0,150227.0,77.97359487904967,341338766.0,167361582.0,172779253.0,42034674.0,43600405.0,47667343.0,45409648.0,42444067.0,45231261.0,38309532.0,22458802.0,12982024.0,United States of America
2022-06-20/2022-06-26,ES,14469.0,0.0,,,,19357122.0,8224314.0,8300422.0,1513858.0,1713301.0,1703871.0,2111146.0,2739366.0,2474428.0,1899658.0,1399847.0,992477.0,Spain
2022-06-20/2022-06-26,IT,309804.0,0.0,,,,55443101.0,26986652.0,28456449.0,4633566.0,5231560.0,5623413.0,6471216.0,8507701.0,8610615.0,6764526.0,5533564.0,4066940.0,Italy
2022-06-20/2022-06-26,US,163358.0,318.0,1772.0,139307.0,77.97359487904967,341338766.0,167361582.0,172779253.0,42034674.0,43600405.0,47667343.0,45409648.0,42444067.0,45231261.0,38309532.0,22458802.0,12982024.0,United States of America
2022-06-27/2022-07-03,ES,14675.0,0.0,,,,19357122.0,8224314.0,8300422.0,1513858.0,1713301.0,1703871.0,2111146.0,2739366.0,2474428.0,1899658.0,1399847.0,992477.0,Spain
2022-06-27/2022-07-03,IT,468092.0,0.0,,,,55443101.0,26986652.0,28456449.0,4633566.0,5231560.0,5623413.0,6471216.0,8507701.0,8610615.0,6764526.0,5533564.0,4066940.0,Italy
2022-06-27/2022-07-03,US,173041.0,417.0,1912.0,95575.0,77.97359487904967,341338766.0,167361582.0,172779253.0,42034674.0,43600405.0,47667343.0,45409648.0,42444067.0,45231261.0,38309532.0,22458802.0,12982024.0,United States of America
2022-07-04/2022-07-10,ES,11466.0,0.0,,,,19357122.0,8224314.0,8300422.0,1513858.0,1713301.0,1703871.0,2111146.0,2739366.0,2474428.0,1899658.0,1399847.0,992477.0,Spain
2022-07-04/2022-07-10,IT,588875.0,0.0,,,,55443101.0,26986652.0,28456449.0,4633566.0,5231560.0,5623413.0,6471216.0,8507701.0,8610615.0,6764526.0,5533564.0,4066940.0,Italy
2022-07-04/2022-07-10,US,169579.0,347.0,2193.0,123573.0,77.97359487904967,341338766.0,167361582.0,172779253.0,42034674.0,43600405.0,47667343.0,45409648.0,42444067.0,45231261.0,38309532.0,22458802.0,12982024.0,United States of America
2022-07-11/2022-07-17,ES,6338.0,0.0,,,,19357122.0,8224314.0,8300422.0,1513858.0,1713301.0,1703871.0,2111146.0,2739366.0,2474428.0,1899658.0,1399847.0,992477.0,Spain
2022-07-11/2022-07-17,IT,628222.0,0.0,,,,55443101.0,26986652.0,28456449.0,4633566.0,5231560.0,5623413.0,6471216.0,8507701.0,8610615.0,6764526.0,5533564.0,4066940.0,Italy
2022-07-11/2022-07-17,US,200586.0,398.0,2461.0,158930.0,77.97359487904967,341338766.0,167361582.0,172779253.0,42034674.0,43600405.0,47667343.0,45409648.0,42444067.0,45231261.0,38309532.0,22458802.0,12982024.0,United States of America
2022-07-18/2022-07-24,ES,3214.0,0.0,,,,19357122.0,8224314.0,8300422.0,1513858.0,1713301.0,1703871.0,2111146.0,2739366.0,2474428.0,1899658.0,1399847.0,992477.0,Spain
2022-07-18/2022-07-24,IT,457079.0,0.0,,,,55443101.0,26986652.0,28456449.0,4633566.0,5231560.0,5623413.0,6471216.0,8507701.0,8610615.0,6764526.0,5533564.0,4066940.0,Italy
2022-07-18/2022-07-24,US,187798.0,486.0,2377.0,186142.0,77.97359487904967,341338766.0,167361582.0,172779253.0,42034674.0,43600405.0,47667343.0,45409648.0,42444067.0,45231261.0,38309532.0,22458802.0,12982024.0,United States of America
2022-07-25/2022-07-31,ES,308.0,0.0,,,,19357122.0,8224314.0,8300422.0,1513858.0,1713301.0,1703871.0,2111146.0,2739366.0,2474428.0,1899658.0,1399847.0,992477.0,Spain
2022-07-25/2022-07-31,IT,332468.0,0.0,,,,55443101.0,26986652.0,28456449.0,4633566.0,5231560.0,5623413.0,6471216.0,8507701.0,8610615.0,6764526.0,5533564.0,4066940.0,Italy
2022-07-25/2022-07-31,US,173456.0,517.0,1892.0,219890.0,77.97359487904967,341338766.0,167361582.0,172779253.0,42034674.0,43600405.0,47667343.0,45409648.0,42444067.0,45231261.0,38309532.0,22458802.0,12982024.0,United States of America
2022-08-01/2022-08-07,IT,237449.0,0.0,,,,55443101.0,26986652.0,28456449.0,4633566.0,5231560.0,5623413.0,6471216.0,8507701.0,8610615.0,6764526.0,5533564.0,4066940.0,Italy
2022-08-01/2022-08-07,US,153596.0,489.0,1810.0,-215177.0,77.97359487904967,341338766.0,167361582.0,172779253.0,42034674.0,43600405.0,47667343.0,45409648.0,42444067.0,45231261.0,38309532.0,22458802.0,12982024.0,United States of America
2022-08-08/2022-08-14,IT,154987.0,0.0,,,,55443101.0,26986652.0,28456449.0,4633566.0,5231560.0,5623413.0,6471216.0,8507701.0,8610615.0,6764526.0,5533564.0,4066940.0,Italy
2022-08-08/2022-08-14,US,122778.0,502.0,1548.0,240164.0,77.97359487904967,341338766.0,167361582.0,172779253.0,42034674.0,43600405.0,47667343.0,45409648.0,42444067.0,45231261.0,38309532.0,22458802.0,12982024.0,United States of America
2022-08-15/2022-08-21,IT,127160.0,0.0,,,,55443101.0,26986652.0,28456449.0,4633566.0,5231560.0,5623413.0,6471216.0,8507701.0,8610615.0,6764526.0,5533564.0,4066940.0,Italy
2022-08-15/2022-08-21,US,107459.0,400.0,669.0,180458.0,77.97359487904967,341338766.0,167361582.0,172779253.0,42034674.0,43600405.0,47667343.0,45409648.0,42444067.0,45231261.0,38309532.0,22458802.0,12982024.0,United States of America
2022-08-22/2022-08-28,IT,8013.0,0.0,,,,55443101.0,26986652.0,28456449.0,4633566.0,5231560.0,5623413.0,6471216.0,8507701.0,8610615.0,6764526.0,5533564.0,4066940.0,Italy
